postal_Code,SAC
K0L0A0,529
K0L1B0,529
K0L1H0,529
K0L1J0,529
K0L1R0,529
K0L1S0,529
K0L1T0,529
K0L1V0,529
K0L2B0,529
K0L2C0,529
K0L2G0,529
K0L2H0,529
K0L2V0,529
K0L2W0,529
K0L3A0,529
K0L3G0,529
K9H0A1,529
K9H0A2,529
K9H0A3,529
K9H0A4,529
K9H0A5,529
K9H0A6,529
K9H0A7,529
K9H0A8,529
K9H0A9,529
K9H0B1,529
K9H0B2,529
K9H0B3,529
K9H0B5,529
K9H0B6,529
K9H0B7,529
K9H0B8,529
K9H0B9,529
K9H0C1,529
K9H0C2,529
K9H0C3,529
K9H0C4,529
K9H0C5,529
K9H0C6,529
K9H0C7,529
K9H0C8,529
K9H0C9,529
K9H0E1,529
K9H0E2,529
K9H0E3,529
K9H0E4,529
K9H0E5,529
K9H0E6,529
K9H0E7,529
K9H0E8,529
K9H0E9,529
K9H0G4,529
K9H0G5,529
K9H0G6,529
K9H0G7,529
K9H0G8,529
K9H0G9,529
K9H0H1,529
K9H0H5,529
K9H0H7,529
K9H0H8,529
K9H0H9,529
K9H0J1,529
K9H0J2,529
K9H0J3,529
K9H0J4,529
K9H0J5,529
K9H0J6,529
K9H0J7,529
K9H0J8,529
K9H0K2,529
K9H0K3,529
K9H1A1,529
K9H1A2,529
K9H1A3,529
K9H1A4,529
K9H1A5,529
K9H1A6,529
K9H1A7,529
K9H1A8,529
K9H1A9,529
K9H1B1,529
K9H1B2,529
K9H1B3,529
K9H1B4,529
K9H1B5,529
K9H1B6,529
K9H1B7,529
K9H1B8,529
K9H1B9,529
K9H1C1,529
K9H1C2,529
K9H1C3,529
K9H1C4,529
K9H1C5,529
K9H1C6,529
K9H1C7,529
K9H1C8,529
K9H1C9,529
K9H1E1,529
K9H1E2,529
K9H1E3,529
K9H1E4,529
K9H1E5,529
K9H1E6,529
K9H1E7,529
K9H1E8,529
K9H1E9,529
K9H1G1,529
K9H1G2,529
K9H1G4,529
K9H1G5,529
K9H1G6,529
K9H1G7,529
K9H1G8,529
K9H1G9,529
K9H1H1,529
K9H1H2,529
K9H1H3,529
K9H1H4,529
K9H1H5,529
K9H1H6,529
K9H1H7,529
K9H1H8,529
K9H1H9,529
K9H1J1,529
K9H1J2,529
K9H1J3,529
K9H1J4,529
K9H1J5,529
K9H1J6,529
K9H1J7,529
K9H1J8,529
K9H1J9,529
K9H1K1,529
K9H1K2,529
K9H1K3,529
K9H1K4,529
K9H1K5,529
K9H1K6,529
K9H1K7,529
K9H1K8,529
K9H1K9,529
K9H1L1,529
K9H1L2,529
K9H1L3,529
K9H1L4,529
K9H1L5,529
K9H1L6,529
K9H1L7,529
K9H1L8,529
K9H1L9,529
K9H1M1,529
K9H1M2,529
K9H1M3,529
K9H1M4,529
K9H1M5,529
K9H1M6,529
K9H1M7,529
K9H1M8,529
K9H1M9,529
K9H1N1,529
K9H1N2,529
K9H1N3,529
K9H1N4,529
K9H1N5,529
K9H1N6,529
K9H1N7,529
K9H1N8,529
K9H1N9,529
K9H1P1,529
K9H1P2,529
K9H1P3,529
K9H1P4,529
K9H1P5,529
K9H1P6,529
K9H1P7,529
K9H1P8,529
K9H1P9,529
K9H1R1,529
K9H1R2,529
K9H1R3,529
K9H1R4,529
K9H1R5,529
K9H1R6,529
K9H1R7,529
K9H1R8,529
K9H1R9,529
K9H1S1,529
K9H1S2,529
K9H1S3,529
K9H1S4,529
K9H1S5,529
K9H1S6,529
K9H1S7,529
K9H1S8,529
K9H1S9,529
K9H1T1,529
K9H1T2,529
K9H1T3,529
K9H1T4,529
K9H1T5,529
K9H1T6,529
K9H1T7,529
K9H1T8,529
K9H1T9,529
K9H1V1,529
K9H1V2,529
K9H1V3,529
K9H1V4,529
K9H1V5,529
K9H1V6,529
K9H1V7,529
K9H1V8,529
K9H1V9,529
K9H1W1,529
K9H1W2,529
K9H1W3,529
K9H1W4,529
K9H1W5,529
K9H1W6,529
K9H1W7,529
K9H1W8,529
K9H1W9,529
K9H1X1,529
K9H1X2,529
K9H1X3,529
K9H1X4,529
K9H1X5,529
K9H1X6,529
K9H1X7,529
K9H1X8,529
K9H1X9,529
K9H1Y1,529
K9H1Y2,529
K9H1Y3,529
K9H1Y4,529
K9H1Y5,529
K9H1Y6,529
K9H1Y7,529
K9H1Y8,529
K9H1Y9,529
K9H1Z1,529
K9H1Z2,529
K9H1Z3,529
K9H1Z4,529
K9H1Z5,529
K9H1Z6,529
K9H1Z7,529
K9H1Z8,529
K9H1Z9,529
K9H2A1,529
K9H2A2,529
K9H2A3,529
K9H2A4,529
K9H2A5,529
K9H2A6,529
K9H2A7,529
K9H2A8,529
K9H2A9,529
K9H2B1,529
K9H2B2,529
K9H2B3,529
K9H2B4,529
K9H2B5,529
K9H2B6,529
K9H2B7,529
K9H2B8,529
K9H2B9,529
K9H2C1,529
K9H2C2,529
K9H2C3,529
K9H2C4,529
K9H2C5,529
K9H2C6,529
K9H2C7,529
K9H2C8,529
K9H2C9,529
K9H2E1,529
K9H2E2,529
K9H2E3,529
K9H2E4,529
K9H2E5,529
K9H2E6,529
K9H2E7,529
K9H2E8,529
K9H2E9,529
K9H2G1,529
K9H2G2,529
K9H2G3,529
K9H2G5,529
K9H2G6,529
K9H2G7,529
K9H2G8,529
K9H2G9,529
K9H2H1,529
K9H2H3,529
K9H2H4,529
K9H2H5,529
K9H2H6,529
K9H2H7,529
K9H2H9,529
K9H2J2,529
K9H2J3,529
K9H2J4,529
K9H2J5,529
K9H2J6,529
K9H2J7,529
K9H2J8,529
K9H2J9,529
K9H2K1,529
K9H2K2,529
K9H2K3,529
K9H2K4,529
K9H2K5,529
K9H2K6,529
K9H2K7,529
K9H2K8,529
K9H2L1,529
K9H2L2,529
K9H2L3,529
K9H2L4,529
K9H2L5,529
K9H2L6,529
K9H2L7,529
K9H2L8,529
K9H2L9,529
K9H2M1,529
K9H2M2,529
K9H2M3,529
K9H2M4,529
K9H2M5,529
K9H2M6,529
K9H2M7,529
K9H2M8,529
K9H2M9,529
K9H2N1,529
K9H2N2,529
K9H2N3,529
K9H2N4,529
K9H2N5,529
K9H2N6,529
K9H2N7,529
K9H2N8,529
K9H2N9,529
K9H2P1,529
K9H2P2,529
K9H2P3,529
K9H2P4,529
K9H2P5,529
K9H2P6,529
K9H2P7,529
K9H2P8,529
K9H2P9,529
K9H2R1,529
K9H2R2,529
K9H2R3,529
K9H2R4,529
K9H2R5,529
K9H2R6,529
K9H2R7,529
K9H2R8,529
K9H2R9,529
K9H2S1,529
K9H2S2,529
K9H2S3,529
K9H2S4,529
K9H2S5,529
K9H2S6,529
K9H2S7,529
K9H2S8,529
K9H2S9,529
K9H2T1,529
K9H2T2,529
K9H2T3,529
K9H2T4,529
K9H2T5,529
K9H2T6,529
K9H2T7,529
K9H2T8,529
K9H2T9,529
K9H2V1,529
K9H2V2,529
K9H2V3,529
K9H2V4,529
K9H2V5,529
K9H2V6,529
K9H2V7,529
K9H2V8,529
K9H2V9,529
K9H2W1,529
K9H2W2,529
K9H2W3,529
K9H2W4,529
K9H2W5,529
K9H2W6,529
K9H2W7,529
K9H2W8,529
K9H2W9,529
K9H2X1,529
K9H2X2,529
K9H2X3,529
K9H2X4,529
K9H2X5,529
K9H2X6,529
K9H2X7,529
K9H2X8,529
K9H2X9,529
K9H2Y1,529
K9H2Y2,529
K9H2Y3,529
K9H2Y4,529
K9H2Y5,529
K9H2Y6,529
K9H2Y7,529
K9H2Y8,529
K9H2Y9,529
K9H2Z1,529
K9H2Z2,529
K9H2Z3,529
K9H2Z4,529
K9H2Z5,529
K9H2Z6,529
K9H2Z7,529
K9H2Z8,529
K9H2Z9,529
K9H3A1,529
K9H3A2,529
K9H3A3,529
K9H3A4,529
K9H3A5,529
K9H3A6,529
K9H3A7,529
K9H3A8,529
K9H3A9,529
K9H3B1,529
K9H3B3,529
K9H3B4,529
K9H3B5,529
K9H3B6,529
K9H3B7,529
K9H3B8,529
K9H3B9,529
K9H3C1,529
K9H3C2,529
K9H3C4,529
K9H3C5,529
K9H3C6,529
K9H3C7,529
K9H3C8,529
K9H3C9,529
K9H3E1,529
K9H3E2,529
K9H3E3,529
K9H3E4,529
K9H3E5,529
K9H3E6,529
K9H3E7,529
K9H3E8,529
K9H3E9,529
K9H3G1,529
K9H3G2,529
K9H3G3,529
K9H3G4,529
K9H3G5,529
K9H3G6,529
K9H3G7,529
K9H3G8,529
K9H3G9,529
K9H3H1,529
K9H3H2,529
K9H3H3,529
K9H3H4,529
K9H3H5,529
K9H3H6,529
K9H3H7,529
K9H3H8,529
K9H3H9,529
K9H3J1,529
K9H3J2,529
K9H3J3,529
K9H3J4,529
K9H3J5,529
K9H3J6,529
K9H3J7,529
K9H3J8,529
K9H3J9,529
K9H3K1,529
K9H3K2,529
K9H3K3,529
K9H3K4,529
K9H3K5,529
K9H3K6,529
K9H3K7,529
K9H3K8,529
K9H3K9,529
K9H3L1,529
K9H3L2,529
K9H3L3,529
K9H3L4,529
K9H3L6,529
K9H3L7,529
K9H3L8,529
K9H3L9,529
K9H3M2,529
K9H3M3,529
K9H3M4,529
K9H3M5,529
K9H3M6,529
K9H3M7,529
K9H3M8,529
K9H3M9,529
K9H3N1,529
K9H3N2,529
K9H3N3,529
K9H3N4,529
K9H3N5,529
K9H3N6,529
K9H3N7,529
K9H3N8,529
K9H3N9,529
K9H3P1,529
K9H3P2,529
K9H3P3,529
K9H3P4,529
K9H3P5,529
K9H3P6,529
K9H3P7,529
K9H3P8,529
K9H3P9,529
K9H3R2,529
K9H3R3,529
K9H3R4,529
K9H3R5,529
K9H3R6,529
K9H3R7,529
K9H3R9,529
K9H3S1,529
K9H3S2,529
K9H3S3,529
K9H3S4,529
K9H3S5,529
K9H3S6,529
K9H3S7,529
K9H3S8,529
K9H3S9,529
K9H3T1,529
K9H3T2,529
K9H3T3,529
K9H3T4,529
K9H3T5,529
K9H3T6,529
K9H3T7,529
K9H3T8,529
K9H3T9,529
K9H3V1,529
K9H3V2,529
K9H3V3,529
K9H3V4,529
K9H3V5,529
K9H3V6,529
K9H3V7,529
K9H3V8,529
K9H3V9,529
K9H3W1,529
K9H3W2,529
K9H3W3,529
K9H3W4,529
K9H3W5,529
K9H3W6,529
K9H3W7,529
K9H3W8,529
K9H3W9,529
K9H3X1,529
K9H3X2,529
K9H3X3,529
K9H3X4,529
K9H3X5,529
K9H3X6,529
K9H3X7,529
K9H3X8,529
K9H3X9,529
K9H3Y1,529
K9H3Y2,529
K9H3Y3,529
K9H3Y4,529
K9H3Y5,529
K9H3Y6,529
K9H3Y7,529
K9H3Y8,529
K9H3Z1,529
K9H3Z2,529
K9H3Z3,529
K9H3Z4,529
K9H3Z5,529
K9H3Z6,529
K9H3Z7,529
K9H3Z8,529
K9H3Z9,529
K9H4A1,529
K9H4A2,529
K9H4A3,529
K9H4A4,529
K9H4A5,529
K9H4A6,529
K9H4A7,529
K9H4A8,529
K9H4A9,529
K9H4B1,529
K9H4B2,529
K9H4B3,529
K9H4B4,529
K9H4B5,529
K9H4B6,529
K9H4B7,529
K9H4B8,529
K9H4B9,529
K9H4C1,529
K9H4C2,529
K9H4C3,529
K9H4C4,529
K9H4C5,529
K9H4C7,529
K9H4C8,529
K9H4E1,529
K9H4E2,529
K9H4E3,529
K9H4E4,529
K9H4E5,529
K9H4E6,529
K9H4E7,529
K9H4E8,529
K9H4E9,529
K9H4G1,529
K9H4G2,529
K9H4G3,529
K9H4G4,529
K9H4G5,529
K9H4G7,529
K9H4G8,529
K9H4G9,529
K9H4H1,529
K9H4H2,529
K9H4H3,529
K9H4H4,529
K9H4H5,529
K9H4H6,529
K9H4H7,529
K9H4H8,529
K9H4H9,529
K9H4J1,529
K9H4J2,529
K9H4J3,529
K9H4J4,529
K9H4J5,529
K9H4J6,529
K9H4J7,529
K9H4J8,529
K9H4J9,529
K9H4K1,529
K9H4K2,529
K9H4K3,529
K9H4K4,529
K9H4K5,529
K9H4K6,529
K9H4K7,529
K9H4K8,529
K9H4K9,529
K9H4L1,529
K9H4L2,529
K9H4L3,529
K9H4L4,529
K9H4L5,529
K9H4L6,529
K9H4L7,529
K9H4L8,529
K9H4L9,529
K9H4M1,529
K9H4M2,529
K9H4M3,529
K9H4M4,529
K9H4M5,529
K9H4M6,529
K9H4M7,529
K9H4M8,529
K9H4M9,529
K9H4N1,529
K9H4N2,529
K9H4N3,529
K9H4N4,529
K9H4N5,529
K9H4N6,529
K9H4N7,529
K9H4N8,529
K9H4N9,529
K9H4P1,529
K9H4P2,529
K9H4P3,529
K9H4P4,529
K9H4P5,529
K9H4P6,529
K9H4P7,529
K9H4P8,529
K9H4P9,529
K9H4R1,529
K9H4R2,529
K9H4R3,529
K9H4R4,529
K9H4R5,529
K9H4R6,529
K9H4R7,529
K9H4R8,529
K9H4R9,529
K9H4S1,529
K9H4S2,529
K9H4S3,529
K9H4S4,529
K9H4S5,529
K9H4S6,529
K9H4S7,529
K9H4S8,529
K9H4S9,529
K9H4T1,529
K9H4T2,529
K9H4T3,529
K9H4T4,529
K9H4T5,529
K9H4T6,529
K9H4T7,529
K9H4T8,529
K9H4T9,529
K9H4V1,529
K9H4V2,529
K9H4V3,529
K9H4V4,529
K9H4V5,529
K9H4V6,529
K9H4V7,529
K9H4V8,529
K9H4V9,529
K9H4W1,529
K9H4W2,529
K9H4W3,529
K9H4W4,529
K9H4W5,529
K9H4W6,529
K9H4W7,529
K9H4W8,529
K9H4W9,529
K9H4X1,529
K9H4X2,529
K9H4X3,529
K9H4X4,529
K9H4X5,529
K9H4X6,529
K9H4X7,529
K9H4X8,529
K9H4X9,529
K9H4Y1,529
K9H4Y2,529
K9H4Y3,529
K9H4Y4,529
K9H4Y5,529
K9H4Y6,529
K9H4Y7,529
K9H4Y8,529
K9H4Y9,529
K9H4Z1,529
K9H4Z2,529
K9H4Z3,529
K9H4Z4,529
K9H4Z5,529
K9H4Z6,529
K9H4Z7,529
K9H4Z8,529
K9H4Z9,529
K9H5A1,529
K9H5A2,529
K9H5A3,529
K9H5A4,529
K9H5A5,529
K9H5A6,529
K9H5A7,529
K9H5A8,529
K9H5A9,529
K9H5B1,529
K9H5B2,529
K9H5B3,529
K9H5B4,529
K9H5B5,529
K9H5B6,529
K9H5B7,529
K9H5B8,529
K9H5B9,529
K9H5C1,529
K9H5C2,529
K9H5C3,529
K9H5C4,529
K9H5C5,529
K9H5C6,529
K9H5C7,529
K9H5C8,529
K9H5C9,529
K9H5E1,529
K9H5E2,529
K9H5E3,529
K9H5E4,529
K9H5E5,529
K9H5E6,529
K9H5E7,529
K9H5E8,529
K9H5E9,529
K9H5G1,529
K9H5G2,529
K9H5G3,529
K9H5G4,529
K9H5G5,529
K9H5G6,529
K9H5G7,529
K9H5G8,529
K9H5G9,529
K9H5H1,529
K9H5H2,529
K9H5H3,529
K9H5H4,529
K9H5H5,529
K9H5H6,529
K9H5H7,529
K9H5H8,529
K9H5H9,529
K9H5J1,529
K9H5J2,529
K9H5J3,529
K9H5J4,529
K9H5J5,529
K9H5J6,529
K9H5J7,529
K9H5J8,529
K9H5J9,529
K9H5K1,529
K9H5K2,529
K9H5K3,529
K9H5K4,529
K9H5K5,529
K9H5K6,529
K9H5K7,529
K9H5K8,529
K9H5K9,529
K9H5L1,529
K9H5L2,529
K9H5L3,529
K9H5L4,529
K9H5L5,529
K9H5L6,529
K9H5L7,529
K9H5L8,529
K9H5L9,529
K9H5M1,529
K9H5M2,529
K9H5M3,529
K9H5M4,529
K9H5M5,529
K9H5M6,529
K9H5M7,529
K9H5M8,529
K9H5M9,529
K9H5N1,529
K9H5N2,529
K9H5N3,529
K9H5N4,529
K9H5N5,529
K9H5N6,529
K9H5N7,529
K9H5N8,529
K9H5N9,529
K9H5P1,529
K9H5P2,529
K9H5P3,529
K9H5P4,529
K9H5P5,529
K9H5P6,529
K9H5P7,529
K9H5P8,529
K9H5P9,529
K9H5R1,529
K9H5R2,529
K9H5R3,529
K9H5R4,529
K9H5R5,529
K9H5R6,529
K9H5R7,529
K9H5R8,529
K9H5R9,529
K9H5S1,529
K9H5S2,529
K9H5S3,529
K9H5S4,529
K9H5S5,529
K9H5S6,529
K9H5S7,529
K9H5S8,529
K9H5S9,529
K9H5T1,529
K9H5T2,529
K9H5T3,529
K9H5T4,529
K9H5T5,529
K9H5T6,529
K9H5T7,529
K9H5T8,529
K9H5T9,529
K9H5V1,529
K9H5V2,529
K9H5V3,529
K9H5V4,529
K9H5V5,529
K9H5V6,529
K9H5V7,529
K9H5V8,529
K9H5V9,529
K9H5W1,529
K9H5W2,529
K9H5W3,529
K9H5W4,529
K9H5W5,529
K9H5W6,529
K9H5W7,529
K9H5W8,529
K9H5W9,529
K9H5X1,529
K9H5X2,529
K9H5X3,529
K9H5X4,529
K9H5X5,529
K9H5X6,529
K9H5X7,529
K9H5X8,529
K9H5X9,529
K9H5Y1,529
K9H5Y2,529
K9H5Y3,529
K9H5Y4,529
K9H5Y5,529
K9H5Y6,529
K9H5Y7,529
K9H5Y8,529
K9H5Y9,529
K9H5Z1,529
K9H5Z2,529
K9H5Z3,529
K9H5Z4,529
K9H5Z5,529
K9H5Z6,529
K9H5Z7,529
K9H5Z8,529
K9H5Z9,529
K9H6A1,529
K9H6A2,529
K9H6A3,529
K9H6A4,529
K9H6A5,529
K9H6A6,529
K9H6A7,529
K9H6A8,529
K9H6A9,529
K9H6B1,529
K9H6B2,529
K9H6B3,529
K9H6B4,529
K9H6B5,529
K9H6B6,529
K9H6B7,529
K9H6B8,529
K9H6B9,529
K9H6C1,529
K9H6C2,529
K9H6C3,529
K9H6C4,529
K9H6C5,529
K9H6C6,529
K9H6C7,529
K9H6C8,529
K9H6C9,529
K9H6E1,529
K9H6E2,529
K9H6E3,529
K9H6E4,529
K9H6E5,529
K9H6E6,529
K9H6E7,529
K9H6E8,529
K9H6E9,529
K9H6G1,529
K9H6G2,529
K9H6G3,529
K9H6G4,529
K9H6G5,529
K9H6G6,529
K9H6G7,529
K9H6G8,529
K9H6G9,529
K9H6H1,529
K9H6H2,529
K9H6H3,529
K9H6H4,529
K9H6H5,529
K9H6H6,529
K9H6H7,529
K9H6H8,529
K9H6H9,529
K9H6J1,529
K9H6J2,529
K9H6J3,529
K9H6J4,529
K9H6J5,529
K9H6J6,529
K9H6J7,529
K9H6J8,529
K9H6J9,529
K9H6K1,529
K9H6K2,529
K9H6K3,529
K9H6K4,529
K9H6K5,529
K9H6K6,529
K9H6K7,529
K9H6K8,529
K9H6K9,529
K9H6L1,529
K9H6L2,529
K9H6L3,529
K9H6L4,529
K9H6L5,529
K9H6L6,529
K9H6L7,529
K9H6L8,529
K9H6L9,529
K9H6M1,529
K9H6M2,529
K9H6M3,529
K9H6M4,529
K9H6M5,529
K9H6M6,529
K9H6M7,529
K9H6M8,529
K9H6M9,529
K9H6N1,529
K9H6N2,529
K9H6N3,529
K9H6N4,529
K9H6N5,529
K9H6N6,529
K9H6N7,529
K9H6N8,529
K9H6N9,529
K9H6P1,529
K9H6P2,529
K9H6P3,529
K9H6P4,529
K9H6P5,529
K9H6P6,529
K9H6P7,529
K9H6P8,529
K9H6P9,529
K9H6R1,529
K9H6R2,529
K9H6R3,529
K9H6R4,529
K9H6R5,529
K9H6R6,529
K9H6R7,529
K9H6R8,529
K9H6R9,529
K9H6S1,529
K9H6S2,529
K9H6S3,529
K9H6S4,529
K9H6S5,529
K9H6S6,529
K9H6S7,529
K9H6S8,529
K9H6S9,529
K9H6T1,529
K9H6T2,529
K9H6T3,529
K9H6T4,529
K9H6T5,529
K9H6T6,529
K9H6T7,529
K9H6T8,529
K9H6T9,529
K9H6V1,529
K9H6V2,529
K9H6V3,529
K9H6V4,529
K9H6V5,529
K9H6V6,529
K9H6V7,529
K9H6V8,529
K9H6V9,529
K9H6W1,529
K9H6W2,529
K9H6W3,529
K9H6W4,529
K9H6W5,529
K9H6W6,529
K9H6W7,529
K9H6W8,529
K9H6W9,529
K9H6X1,529
K9H6X2,529
K9H6X3,529
K9H6X4,529
K9H6X5,529
K9H6X6,529
K9H6X7,529
K9H6X8,529
K9H6X9,529
K9H6Y1,529
K9H6Y2,529
K9H6Y3,529
K9H6Y4,529
K9H6Y5,529
K9H6Y6,529
K9H6Y7,529
K9H6Y8,529
K9H6Y9,529
K9H6Z1,529
K9H6Z2,529
K9H6Z3,529
K9H6Z4,529
K9H6Z5,529
K9H6Z6,529
K9H6Z7,529
K9H6Z8,529
K9H6Z9,529
K9H7A1,529
K9H7A2,529
K9H7A3,529
K9H7A4,529
K9H7A5,529
K9H7A6,529
K9H7A7,529
K9H7A8,529
K9H7A9,529
K9H7B1,529
K9H7B2,529
K9H7B3,529
K9H7B4,529
K9H7B5,529
K9H7B6,529
K9H7B8,529
K9H7B9,529
K9H7C1,529
K9H7C2,529
K9H7C3,529
K9H7C4,529
K9H7C5,529
K9H7C6,529
K9H7C7,529
K9H7C8,529
K9H7C9,529
K9H7E1,529
K9H7E2,529
K9H7E3,529
K9H7E4,529
K9H7E5,529
K9H7E6,529
K9H7E7,529
K9H7E8,529
K9H7E9,529
K9H7G1,529
K9H7G2,529
K9H7G3,529
K9H7G4,529
K9H7G5,529
K9H7G6,529
K9H7G7,529
K9H7G8,529
K9H7G9,529
K9H7H1,529
K9H7H2,529
K9H7H3,529
K9H7H4,529
K9H7H5,529
K9H7H6,529
K9H7H7,529
K9H7H8,529
K9H7H9,529
K9H7J1,529
K9H7J2,529
K9H7J3,529
K9H7J5,529
K9H7J6,529
K9H7J7,529
K9H7J8,529
K9H7J9,529
K9H7K1,529
K9H7K2,529
K9H7K3,529
K9H7K4,529
K9H7K5,529
K9H7K6,529
K9H7K7,529
K9H7K8,529
K9H7K9,529
K9H7L1,529
K9H7L2,529
K9H7L3,529
K9H7L4,529
K9H7L5,529
K9H7L6,529
K9H7L7,529
K9H7L8,529
K9H7L9,529
K9H7M1,529
K9H7M2,529
K9H7M3,529
K9H7M4,529
K9H7M5,529
K9H7M6,529
K9H7M7,529
K9H7M8,529
K9H7M9,529
K9H7N1,529
K9H7N2,529
K9H7N3,529
K9H7N4,529
K9H7N5,529
K9H7N6,529
K9H7N7,529
K9H7N8,529
K9H7N9,529
K9H7P1,529
K9H7P2,529
K9H7P3,529
K9H7P4,529
K9H7P5,529
K9H7P6,529
K9H7P7,529
K9H7P8,529
K9H7P9,529
K9H7R1,529
K9H7R2,529
K9H7R3,529
K9H7R4,529
K9H7R5,529
K9H7R6,529
K9H7R7,529
K9H7R8,529
K9H7R9,529
K9H7S1,529
K9H7S2,529
K9H7S3,529
K9H7S4,529
K9H7S5,529
K9H7S6,529
K9H7S7,529
K9H7S8,529
K9H7S9,529
K9H7T1,529
K9H7T2,529
K9H7T3,529
K9J0A1,529
K9J0A2,529
K9J0A4,529
K9J0A5,529
K9J0A7,529
K9J0A8,529
K9J0A9,529
K9J0B1,529
K9J0B2,529
K9J0B3,529
K9J0B4,529
K9J0B5,529
K9J0B6,529
K9J0B7,529
K9J0B8,529
K9J0B9,529
K9J0C1,529
K9J0C2,529
K9J0C3,529
K9J0C4,529
K9J0C5,529
K9J0C6,529
K9J0C7,529
K9J0C8,529
K9J0C9,529
K9J0E1,529
K9J0E2,529
K9J0E3,529
K9J0E4,529
K9J0E5,529
K9J0E6,529
K9J0E7,529
K9J0E8,529
K9J0E9,529
K9J0G1,529
K9J0G2,529
K9J0G3,529
K9J0G4,529
K9J0G5,529
K9J0G6,529
K9J0G7,529
K9J0G8,529
K9J0G9,529
K9J0H1,529
K9J0H2,529
K9J0H3,529
K9J0H4,529
K9J0H5,529
K9J0H6,529
K9J0H7,529
K9J0H8,529
K9J0H9,529
K9J0J1,529
K9J0J7,529
K9J0J8,529
K9J0J9,529
K9J0K1,529
K9J0K2,529
K9J0K3,529
K9J0K4,529
K9J1A1,529
K9J1A2,529
K9J1A3,529
K9J1A4,529
K9J1A5,529
K9J1A6,529
K9J1A7,529
K9J1A8,529
K9J1A9,529
K9J1B1,529
K9J1B2,529
K9J1B3,529
K9J1B4,529
K9J1B5,529
K9J1B6,529
K9J1B7,529
K9J1B8,529
K9J1B9,529
K9J1C1,529
K9J1C2,529
K9J1C3,529
K9J1C4,529
K9J1C5,529
K9J1C6,529
K9J1C7,529
K9J1C8,529
K9J1C9,529
K9J1E1,529
K9J1E2,529
K9J1E3,529
K9J1E4,529
K9J1E5,529
K9J1E6,529
K9J1E7,529
K9J1E8,529
K9J1E9,529
K9J1G1,529
K9J1G2,529
K9J1G3,529
K9J1G4,529
K9J1G5,529
K9J1G6,529
K9J1G7,529
K9J1G8,529
K9J1G9,529
K9J1H1,529
K9J1H2,529
K9J1H3,529
K9J1H4,529
K9J1H5,529
K9J1H6,529
K9J1H7,529
K9J1H8,529
K9J1H9,529
K9J1J1,529
K9J1J2,529
K9J1J3,529
K9J1J4,529
K9J1J5,529
K9J1J6,529
K9J1J7,529
K9J1J8,529
K9J1J9,529
K9J1K1,529
K9J1K2,529
K9J1K3,529
K9J1K4,529
K9J1K5,529
K9J1K6,529
K9J1K7,529
K9J1K8,529
K9J1K9,529
K9J1L1,529
K9J1L2,529
K9J1L3,529
K9J1L4,529
K9J1L5,529
K9J1L6,529
K9J1L8,529
K9J1L9,529
K9J1M1,529
K9J1M2,529
K9J1M3,529
K9J1M4,529
K9J1M5,529
K9J1M6,529
K9J1M8,529
K9J1M9,529
K9J1N1,529
K9J1N2,529
K9J1N3,529
K9J1N4,529
K9J1N5,529
K9J1N6,529
K9J1N7,529
K9J1N8,529
K9J1N9,529
K9J1P1,529
K9J1P2,529
K9J1P3,529
K9J1P4,529
K9J1P5,529
K9J1P6,529
K9J1P7,529
K9J1P8,529
K9J1P9,529
K9J1R1,529
K9J1R2,529
K9J1R3,529
K9J1R4,529
K9J1R5,529
K9J1R6,529
K9J1R7,529
K9J1R8,529
K9J1R9,529
K9J1S1,529
K9J1S2,529
K9J1S3,529
K9J1S4,529
K9J1S5,529
K9J1S6,529
K9J1S7,529
K9J1S8,529
K9J1S9,529
K9J1T1,529
K9J1T2,529
K9J1T3,529
K9J1T4,529
K9J1T5,529
K9J1T6,529
K9J1T7,529
K9J1T8,529
K9J1T9,529
K9J1V1,529
K9J1V2,529
K9J1V3,529
K9J1V4,529
K9J1V5,529
K9J1V6,529
K9J1V7,529
K9J1V8,529
K9J1V9,529
K9J1W1,529
K9J1W2,529
K9J1W3,529
K9J1W4,529
K9J1W5,529
K9J1W6,529
K9J1W7,529
K9J1W8,529
K9J1W9,529
K9J1X1,529
K9J1X2,529
K9J1X3,529
K9J1X4,529
K9J1X5,529
K9J1X6,529
K9J1X7,529
K9J1X8,529
K9J1X9,529
K9J1Y1,529
K9J1Y2,529
K9J1Y3,529
K9J1Y4,529
K9J1Y5,529
K9J1Y6,529
K9J1Y7,529
K9J1Y8,529
K9J1Y9,529
K9J1Z1,529
K9J1Z2,529
K9J1Z3,529
K9J1Z4,529
K9J1Z5,529
K9J1Z6,529
K9J1Z7,529
K9J1Z8,529
K9J1Z9,529
K9J2A1,529
K9J2A2,529
K9J2A3,529
K9J2A4,529
K9J2A5,529
K9J2A6,529
K9J2A7,529
K9J2A8,529
K9J2A9,529
K9J2B1,529
K9J2B2,529
K9J2B3,529
K9J2B4,529
K9J2B5,529
K9J2B6,529
K9J2B7,529
K9J2B8,529
K9J2B9,529
K9J2C1,529
K9J2C2,529
K9J2C3,529
K9J2C4,529
K9J2C5,529
K9J2C6,529
K9J2C7,529
K9J2C8,529
K9J2C9,529
K9J2E1,529
K9J2E2,529
K9J2E3,529
K9J2E4,529
K9J2E5,529
K9J2E6,529
K9J2E7,529
K9J2E8,529
K9J2E9,529
K9J2G1,529
K9J2G2,529
K9J2G3,529
K9J2G4,529
K9J2G5,529
K9J2G7,529
K9J2G8,529
K9J2G9,529
K9J2H1,529
K9J2H2,529
K9J2H3,529
K9J2H4,529
K9J2H5,529
K9J2H6,529
K9J2H9,529
K9J2J1,529
K9J2J2,529
K9J2J3,529
K9J2J4,529
K9J2J5,529
K9J2J6,529
K9J2J7,529
K9J2J8,529
K9J2J9,529
K9J2K1,529
K9J2K2,529
K9J2K3,529
K9J2K4,529
K9J2K5,529
K9J2K6,529
K9J2K7,529
K9J2K8,529
K9J2K9,529
K9J2L1,529
K9J2L2,529
K9J2L3,529
K9J2L4,529
K9J2L5,529
K9J2L6,529
K9J2L7,529
K9J2L8,529
K9J2M1,529
K9J2M2,529
K9J2M3,529
K9J2M4,529
K9J2M5,529
K9J2M6,529
K9J2M7,529
K9J2M8,529
K9J2M9,529
K9J2N1,529
K9J2N2,529
K9J2N3,529
K9J2N4,529
K9J2N5,529
K9J2N6,529
K9J2N7,529
K9J2N8,529
K9J2N9,529
K9J2P1,529
K9J2P2,529
K9J2P3,529
K9J2P4,529
K9J2P5,529
K9J2P6,529
K9J2P7,529
K9J2P8,529
K9J2P9,529
K9J2R1,529
K9J2R2,529
K9J2R3,529
K9J2R4,529
K9J2R5,529
K9J2R6,529
K9J2R7,529
K9J2R8,529
K9J2R9,529
K9J2S1,529
K9J2S2,529
K9J2S3,529
K9J2S4,529
K9J2S5,529
K9J2S6,529
K9J2S7,529
K9J2S8,529
K9J2S9,529
K9J2T1,529
K9J2T2,529
K9J2T3,529
K9J2T4,529
K9J2T6,529
K9J2T7,529
K9J2T8,529
K9J2V1,529
K9J2V2,529
K9J2V3,529
K9J2V4,529
K9J2V5,529
K9J2V6,529
K9J2V7,529
K9J2V8,529
K9J2V9,529
K9J2W1,529
K9J2W2,529
K9J2W3,529
K9J2W4,529
K9J2W5,529
K9J2W6,529
K9J2W7,529
K9J2W8,529
K9J2W9,529
K9J2X2,529
K9J2X3,529
K9J2X4,529
K9J2X5,529
K9J2X7,529
K9J2X8,529
K9J2X9,529
K9J2Y1,529
K9J2Y2,529
K9J2Y3,529
K9J2Y4,529
K9J2Y5,529
K9J2Y6,529
K9J2Y7,529
K9J2Y8,529
K9J2Y9,529
K9J2Z1,529
K9J2Z2,529
K9J2Z3,529
K9J2Z4,529
K9J2Z5,529
K9J2Z6,529
K9J2Z7,529
K9J2Z8,529
K9J2Z9,529
K9J3A1,529
K9J3A2,529
K9J3A3,529
K9J3A4,529
K9J3A5,529
K9J3A6,529
K9J3A7,529
K9J3A8,529
K9J3A9,529
K9J3B1,529
K9J3B2,529
K9J3B3,529
K9J3B4,529
K9J3B5,529
K9J3B6,529
K9J3B7,529
K9J3B8,529
K9J3B9,529
K9J3C1,529
K9J3C2,529
K9J3C3,529
K9J3C4,529
K9J3C6,529
K9J3C7,529
K9J3C8,529
K9J3C9,529
K9J3E1,529
K9J3E2,529
K9J3E3,529
K9J3E4,529
K9J3E5,529
K9J3E6,529
K9J3E7,529
K9J3E9,529
K9J3G2,529
K9J3G3,529
K9J3G5,529
K9J3G6,529
K9J3G7,529
K9J3G8,529
K9J3G9,529
K9J3H1,529
K9J3H2,529
K9J3H3,529
K9J3H5,529
K9J3H6,529
K9J3H7,529
K9J3H8,529
K9J3H9,529
K9J3J1,529
K9J3J2,529
K9J3J3,529
K9J3J4,529
K9J3J5,529
K9J3J6,529
K9J3J7,529
K9J3J8,529
K9J3K1,529
K9J3K2,529
K9J3K3,529
K9J3K4,529
K9J3K5,529
K9J3K6,529
K9J3K7,529
K9J3K8,529
K9J3K9,529
K9J3L2,529
K9J3L3,529
K9J3L4,529
K9J3L5,529
K9J3L6,529
K9J3L8,529
K9J3L9,529
K9J3M1,529
K9J3M2,529
K9J3M3,529
K9J3M4,529
K9J3M5,529
K9J3M6,529
K9J3M7,529
K9J3M8,529
K9J3M9,529
K9J3N1,529
K9J3N2,529
K9J3N3,529
K9J3N4,529
K9J3N5,529
K9J3N6,529
K9J3N7,529
K9J3N8,529
K9J3N9,529
K9J3P1,529
K9J3P2,529
K9J3P3,529
K9J3P4,529
K9J3P5,529
K9J3P6,529
K9J3P7,529
K9J3P8,529
K9J3P9,529
K9J3R1,529
K9J3R2,529
K9J3R3,529
K9J3R4,529
K9J3R5,529
K9J3R6,529
K9J3R7,529
K9J3R8,529
K9J3R9,529
K9J3S1,529
K9J3S2,529
K9J3S3,529
K9J3S4,529
K9J3S5,529
K9J3S6,529
K9J3S7,529
K9J3S8,529
K9J3S9,529
K9J3T1,529
K9J3T2,529
K9J3T3,529
K9J3T4,529
K9J3T5,529
K9J3T6,529
K9J3T7,529
K9J3T8,529
K9J3T9,529
K9J3V1,529
K9J3V2,529
K9J3V3,529
K9J3V4,529
K9J3V5,529
K9J3V7,529
K9J3V8,529
K9J3V9,529
K9J3W1,529
K9J3W2,529
K9J3W3,529
K9J3W4,529
K9J3W5,529
K9J3W6,529
K9J3W7,529
K9J3W8,529
K9J3W9,529
K9J3X1,529
K9J3X2,529
K9J3X3,529
K9J3X4,529
K9J3X5,529
K9J3X6,529
K9J3X7,529
K9J3X8,529
K9J3X9,529
K9J3Y1,529
K9J3Y2,529
K9J3Y3,529
K9J3Y4,529
K9J3Y5,529
K9J3Y6,529
K9J3Y7,529
K9J3Y8,529
K9J3Y9,529
K9J3Z1,529
K9J3Z2,529
K9J3Z3,529
K9J3Z4,529
K9J3Z5,529
K9J3Z6,529
K9J3Z7,529
K9J3Z8,529
K9J3Z9,529
K9J4A1,529
K9J4A2,529
K9J4A3,529
K9J4A4,529
K9J4A5,529
K9J4A6,529
K9J4A7,529
K9J4A8,529
K9J4A9,529
K9J4B1,529
K9J4B2,529
K9J4B3,529
K9J4B4,529
K9J4B5,529
K9J4B6,529
K9J4B7,529
K9J4B8,529
K9J4B9,529
K9J4C1,529
K9J4C2,529
K9J4C3,529
K9J4C4,529
K9J4C5,529
K9J4C6,529
K9J4C7,529
K9J4C8,529
K9J4C9,529
K9J4E1,529
K9J4E2,529
K9J4E3,529
K9J4E4,529
K9J4E5,529
K9J4E6,529
K9J4E7,529
K9J4E8,529
K9J4E9,529
K9J4G1,529
K9J4G2,529
K9J4G3,529
K9J4G4,529
K9J4G5,529
K9J4G6,529
K9J4G7,529
K9J4G8,529
K9J4G9,529
K9J4H1,529
K9J4H2,529
K9J4H3,529
K9J4H4,529
K9J4H5,529
K9J4H6,529
K9J4H7,529
K9J4H8,529
K9J4H9,529
K9J4J1,529
K9J4J2,529
K9J4J3,529
K9J4J4,529
K9J4J5,529
K9J4J6,529
K9J4J7,529
K9J4J8,529
K9J4J9,529
K9J4K1,529
K9J4K2,529
K9J4K3,529
K9J4K4,529
K9J4K5,529
K9J4K6,529
K9J4K7,529
K9J4K8,529
K9J4K9,529
K9J4L1,529
K9J4L2,529
K9J4L3,529
K9J4L4,529
K9J4L5,529
K9J4L6,529
K9J4L7,529
K9J4L8,529
K9J4L9,529
K9J4M1,529
K9J4M2,529
K9J4M3,529
K9J4M4,529
K9J4M5,529
K9J4M6,529
K9J4M7,529
K9J4M8,529
K9J4M9,529
K9J4N1,529
K9J4N2,529
K9J4N3,529
K9J4N4,529
K9J4N5,529
K9J4N6,529
K9J4N7,529
K9J4N8,529
K9J4N9,529
K9J4P1,529
K9J4P2,529
K9J4P3,529
K9J4P4,529
K9J4P5,529
K9J4P6,529
K9J4P7,529
K9J4P8,529
K9J4P9,529
K9J4R1,529
K9J4R2,529
K9J4R3,529
K9J4R4,529
K9J4R5,529
K9J4R6,529
K9J4R7,529
K9J4R8,529
K9J4R9,529
K9J4S1,529
K9J4S2,529
K9J4S3,529
K9J4S4,529
K9J4S5,529
K9J4S6,529
K9J4S7,529
K9J4S8,529
K9J4S9,529
K9J4T1,529
K9J4T2,529
K9J4T3,529
K9J4T4,529
K9J4T5,529
K9J4T6,529
K9J4T7,529
K9J4T8,529
K9J4T9,529
K9J4V1,529
K9J4V2,529
K9J4V3,529
K9J4V4,529
K9J4V5,529
K9J4V6,529
K9J4V7,529
K9J4V8,529
K9J4V9,529
K9J4W1,529
K9J4W2,529
K9J4W3,529
K9J4W4,529
K9J4W5,529
K9J4W6,529
K9J4W7,529
K9J4W8,529
K9J4W9,529
K9J4X1,529
K9J4X2,529
K9J4X3,529
K9J4X4,529
K9J4X5,529
K9J4X6,529
K9J4X7,529
K9J4X8,529
K9J4X9,529
K9J4Y1,529
K9J4Y2,529
K9J4Y3,529
K9J4Y4,529
K9J4Y5,529
K9J4Y6,529
K9J4Y7,529
K9J4Y8,529
K9J4Y9,529
K9J4Z1,529
K9J4Z2,529
K9J4Z3,529
K9J4Z4,529
K9J4Z5,529
K9J4Z6,529
K9J4Z7,529
K9J4Z8,529
K9J4Z9,529
K9J5A1,529
K9J5A2,529
K9J5A3,529
K9J5A4,529
K9J5A5,529
K9J5A6,529
K9J5A7,529
K9J5A8,529
K9J5A9,529
K9J5B1,529
K9J5B2,529
K9J5B3,529
K9J5B4,529
K9J5B5,529
K9J5B6,529
K9J5B7,529
K9J5B8,529
K9J5B9,529
K9J5C1,529
K9J5C2,529
K9J5C3,529
K9J5C4,529
K9J5C5,529
K9J5C6,529
K9J5C7,529
K9J5C8,529
K9J5C9,529
K9J5E1,529
K9J5E2,529
K9J5E3,529
K9J5E4,529
K9J5E5,529
K9J5E6,529
K9J5E7,529
K9J5E8,529
K9J5E9,529
K9J5G1,529
K9J5G2,529
K9J5G3,529
K9J5G4,529
K9J5G5,529
K9J5G6,529
K9J5G7,529
K9J5G8,529
K9J5G9,529
K9J5H1,529
K9J5H2,529
K9J5H3,529
K9J5H4,529
K9J5H5,529
K9J5H6,529
K9J5H7,529
K9J5H8,529
K9J5H9,529
K9J5J1,529
K9J5J2,529
K9J5J3,529
K9J5J4,529
K9J5J5,529
K9J5J6,529
K9J5J7,529
K9J5J8,529
K9J5J9,529
K9J5K1,529
K9J5K2,529
K9J5K3,529
K9J5K4,529
K9J5K5,529
K9J5K6,529
K9J5K7,529
K9J5K8,529
K9J5K9,529
K9J5L1,529
K9J5L2,529
K9J5L3,529
K9J5L4,529
K9J5L5,529
K9J5L6,529
K9J5L7,529
K9J5L8,529
K9J5L9,529
K9J5M1,529
K9J5M2,529
K9J5M3,529
K9J5M4,529
K9J5M5,529
K9J5M6,529
K9J5M7,529
K9J5M8,529
K9J5M9,529
K9J5N1,529
K9J5N2,529
K9J5N3,529
K9J5N4,529
K9J5N5,529
K9J5N7,529
K9J5N8,529
K9J5N9,529
K9J5P1,529
K9J5P2,529
K9J5P3,529
K9J5P4,529
K9J5P5,529
K9J5P6,529
K9J5P7,529
K9J5P8,529
K9J5P9,529
K9J5R1,529
K9J5R2,529
K9J5R3,529
K9J5R4,529
K9J5R5,529
K9J5R6,529
K9J5R7,529
K9J5R8,529
K9J5R9,529
K9J5S1,529
K9J5S2,529
K9J5S3,529
K9J5S4,529
K9J5S5,529
K9J5S6,529
K9J5S7,529
K9J5S8,529
K9J5S9,529
K9J5T1,529
K9J5T2,529
K9J5T3,529
K9J5T4,529
K9J5T5,529
K9J5T6,529
K9J5T7,529
K9J5T8,529
K9J5T9,529
K9J5V1,529
K9J5V2,529
K9J5V3,529
K9J5V4,529
K9J5V5,529
K9J5V6,529
K9J5V7,529
K9J5V8,529
K9J5V9,529
K9J5W1,529
K9J5W2,529
K9J5W3,529
K9J5W4,529
K9J5W5,529
K9J5W6,529
K9J5W7,529
K9J5W8,529
K9J5W9,529
K9J5X1,529
K9J5X2,529
K9J5X3,529
K9J5X4,529
K9J5X5,529
K9J5X6,529
K9J5X7,529
K9J5X8,529
K9J5X9,529
K9J5Y1,529
K9J5Y2,529
K9J5Y3,529
K9J5Y4,529
K9J5Y5,529
K9J5Y6,529
K9J5Y7,529
K9J5Y8,529
K9J5Y9,529
K9J5Z1,529
K9J5Z2,529
K9J5Z3,529
K9J5Z4,529
K9J5Z5,529
K9J5Z6,529
K9J5Z7,529
K9J5Z8,529
K9J5Z9,529
K9J6A1,529
K9J6A2,529
K9J6A3,529
K9J6A4,529
K9J6A5,529
K9J6A6,529
K9J6A7,529
K9J6A8,529
K9J6A9,529
K9J6B1,529
K9J6B2,529
K9J6B3,529
K9J6B4,529
K9J6B5,529
K9J6B6,529
K9J6B7,529
K9J6B8,529
K9J6B9,529
K9J6C1,529
K9J6C2,529
K9J6C3,529
K9J6C4,529
K9J6C5,529
K9J6C6,529
K9J6C7,529
K9J6C8,529
K9J6C9,529
K9J6E1,529
K9J6E2,529
K9J6E3,529
K9J6E4,529
K9J6E5,529
K9J6E6,529
K9J6E7,529
K9J6E8,529
K9J6E9,529
K9J6G1,529
K9J6G2,529
K9J6G3,529
K9J6G4,529
K9J6G5,529
K9J6G6,529
K9J6G7,529
K9J6G8,529
K9J6G9,529
K9J6H1,529
K9J6H2,529
K9J6H3,529
K9J6H4,529
K9J6H5,529
K9J6H6,529
K9J6H7,529
K9J6H8,529
K9J6H9,529
K9J6J1,529
K9J6J2,529
K9J6J3,529
K9J6J4,529
K9J6J5,529
K9J6J6,529
K9J6J7,529
K9J6J8,529
K9J6J9,529
K9J6K1,529
K9J6K2,529
K9J6K3,529
K9J6K4,529
K9J6K5,529
K9J6K6,529
K9J6K7,529
K9J6K8,529
K9J6K9,529
K9J6L1,529
K9J6L2,529
K9J6L3,529
K9J6L4,529
K9J6L5,529
K9J6L6,529
K9J6L7,529
K9J6L8,529
K9J6L9,529
K9J6M1,529
K9J6M2,529
K9J6M3,529
K9J6M4,529
K9J6M5,529
K9J6M6,529
K9J6M7,529
K9J6M8,529
K9J6M9,529
K9J6N1,529
K9J6N2,529
K9J6N3,529
K9J6N4,529
K9J6N5,529
K9J6N6,529
K9J6N7,529
K9J6N8,529
K9J6N9,529
K9J6P1,529
K9J6P2,529
K9J6P3,529
K9J6P4,529
K9J6P5,529
K9J6P6,529
K9J6P7,529
K9J6P8,529
K9J6P9,529
K9J6R1,529
K9J6R2,529
K9J6R3,529
K9J6R4,529
K9J6R5,529
K9J6R6,529
K9J6R7,529
K9J6R8,529
K9J6R9,529
K9J6S1,529
K9J6S2,529
K9J6S3,529
K9J6S4,529
K9J6S5,529
K9J6S6,529
K9J6S7,529
K9J6S8,529
K9J6S9,529
K9J6T1,529
K9J6T2,529
K9J6T3,529
K9J6T4,529
K9J6T5,529
K9J6T6,529
K9J6T7,529
K9J6T8,529
K9J6T9,529
K9J6V1,529
K9J6V2,529
K9J6V3,529
K9J6V4,529
K9J6V5,529
K9J6V6,529
K9J6V7,529
K9J6V8,529
K9J6V9,529
K9J6W1,529
K9J6W2,529
K9J6W3,529
K9J6W4,529
K9J6W5,529
K9J6W6,529
K9J6W7,529
K9J6W8,529
K9J6W9,529
K9J6X1,529
K9J6X2,529
K9J6X3,529
K9J6X4,529
K9J6X5,529
K9J6X6,529
K9J6X7,529
K9J6X8,529
K9J6Y1,529
K9J6Y3,529
K9J6Y4,529
K9J6Y5,529
K9J6Y7,529
K9J6Y8,529
K9J6Y9,529
K9J6Z1,529
K9J6Z2,529
K9J6Z3,529
K9J6Z5,529
K9J6Z6,529
K9J6Z7,529
K9J6Z8,529
K9J6Z9,529
K9J7A1,529
K9J7A2,529
K9J7A4,529
K9J7A5,529
K9J7A8,529
K9J7A9,529
K9J7B1,529
K9J7B2,529
K9J7B3,529
K9J7B4,529
K9J7B5,529
K9J7B6,529
K9J7B7,529
K9J7B8,529
K9J7B9,529
K9J7C1,529
K9J7C2,529
K9J7C3,529
K9J7C5,529
K9J7C6,529
K9J7C7,529
K9J7C8,529
K9J7C9,529
K9J7E1,529
K9J7E2,529
K9J7E3,529
K9J7E4,529
K9J7E5,529
K9J7E6,529
K9J7E7,529
K9J7E8,529
K9J7E9,529
K9J7G1,529
K9J7G2,529
K9J7G3,529
K9J7G4,529
K9J7G5,529
K9J7G6,529
K9J7G7,529
K9J7G8,529
K9J7G9,529
K9J7H2,529
K9J7H3,529
K9J7H4,529
K9J7H5,529
K9J7H6,529
K9J7H7,529
K9J7H8,529
K9J7H9,529
K9J7J1,529
K9J7J2,529
K9J7J5,529
K9J7J6,529
K9J7J7,529
K9J7J8,529
K9J7J9,529
K9J7K1,529
K9J7K2,529
K9J7K3,529
K9J7K4,529
K9J7K5,529
K9J7K6,529
K9J7K7,529
K9J7K8,529
K9J7K9,529
K9J7L1,529
K9J7L2,529
K9J7L3,529
K9J7L4,529
K9J7L5,529
K9J7L6,529
K9J7L7,529
K9J7L8,529
K9J7L9,529
K9J7M1,529
K9J7M2,529
K9J7M3,529
K9J7M4,529
K9J7M5,529
K9J7M6,529
K9J7M7,529
K9J7M8,529
K9J7M9,529
K9J7N1,529
K9J7N2,529
K9J7N3,529
K9J7N4,529
K9J7N6,529
K9J7N7,529
K9J7N8,529
K9J7N9,529
K9J7P1,529
K9J7P2,529
K9J7P3,529
K9J7P4,529
K9J7P5,529
K9J7P6,529
K9J7P7,529
K9J7P8,529
K9J7P9,529
K9J7R1,529
K9J7R2,529
K9J7R3,529
K9J7R4,529
K9J7R5,529
K9J7R6,529
K9J7R7,529
K9J7R8,529
K9J7R9,529
K9J7S1,529
K9J7S3,529
K9J7S4,529
K9J7S5,529
K9J7S6,529
K9J7S7,529
K9J7S8,529
K9J7T1,529
K9J7T2,529
K9J7T3,529
K9J7T4,529
K9J7T5,529
K9J7T7,529
K9J7T8,529
K9J7T9,529
K9J7V1,529
K9J7V2,529
K9J7V3,529
K9J7V4,529
K9J7V5,529
K9J7V6,529
K9J7V7,529
K9J7V8,529
K9J7V9,529
K9J7W1,529
K9J7W2,529
K9J7W3,529
K9J7W4,529
K9J7W5,529
K9J7W6,529
K9J7W7,529
K9J7W9,529
K9J7X1,529
K9J7X3,529
K9J7X4,529
K9J7X5,529
K9J7X6,529
K9J7X7,529
K9J7X8,529
K9J7X9,529
K9J7Y1,529
K9J7Y2,529
K9J7Y3,529
K9J7Y4,529
K9J7Y5,529
K9J7Y6,529
K9J7Y7,529
K9J7Y8,529
K9J7Y9,529
K9J7Z1,529
K9J7Z2,529
K9J7Z3,529
K9J7Z5,529
K9J7Z6,529
K9J7Z8,529
K9J7Z9,529
K9J8A1,529
K9J8A2,529
K9J8A3,529
K9J8A6,529
K9J8A7,529
K9J8A8,529
K9J8A9,529
K9J8B2,529
K9J8B3,529
K9J8B4,529
K9J8B5,529
K9J8B6,529
K9J8B7,529
K9J8B8,529
K9J8B9,529
K9J8C1,529
K9J8C2,529
K9J8C3,529
K9J8C4,529
K9J8C5,529
K9J8C6,529
K9J8C7,529
K9J8C8,529
K9J8C9,529
K9J8E1,529
K9J8E2,529
K9J8E3,529
K9J8E4,529
K9J8E5,529
K9J8E6,529
K9J8E7,529
K9J8E8,529
K9J8E9,529
K9J8G1,529
K9J8G2,529
K9J8G3,529
K9J8G7,529
K9J8G8,529
K9J8G9,529
K9J8H1,529
K9J8H2,529
K9J8H3,529
K9J8H4,529
K9J8H5,529
K9J8H6,529
K9J8H7,529
K9J8H9,529
K9J8J1,529
K9J8J2,529
K9J8J3,529
K9J8J4,529
K9J8J5,529
K9J8J7,529
K9J8J8,529
K9J8J9,529
K9J8K1,529
K9J8K2,529
K9J8K3,529
K9J8K4,529
K9J8K5,529
K9J8K7,529
K9J8K8,529
K9J8K9,529
K9J8L1,529
K9J8L2,529
K9J8L3,529
K9J8L4,529
K9J8L5,529
K9J8L6,529
K9J8L7,529
K9J8L8,529
K9J8L9,529
K9J8M1,529
K9J8M2,529
K9J8M3,529
K9J8M4,529
K9J8M6,529
K9J8M7,529
K9J8N1,529
K9J8N2,529
K9J8N3,529
K9J8N4,529
K9J8N6,529
K9J8N7,529
K9J8N8,529
K9J8P1,529
K9J8P2,529
K9J8P3,529
K9J8P6,529
K9J8P7,529
K9J8P8,529
K9J8P9,529
K9J8R2,529
K9J8R5,529
K9J8R6,529
K9J8R7,529
K9J8R8,529
K9J8R9,529
K9J8S1,529
K9J8S2,529
K9J8S3,529
K9J8S4,529
K9J8S5,529
K9J8S7,529
K9J8S8,529
K9J8S9,529
K9J8T1,529
K9J8T2,529
K9J8T3,529
K9K0A1,529
K9K0A2,529
K9K0A3,529
K9K0A4,529
K9K0A5,529
K9K0A6,529
K9K0A7,529
K9K0A8,529
K9K0A9,529
K9K0B1,529
K9K0B2,529
K9K0B4,529
K9K0B5,529
K9K0B6,529
K9K0B7,529
K9K0B8,529
K9K0B9,529
K9K0C1,529
K9K0C2,529
K9K0C3,529
K9K0C4,529
K9K0C5,529
K9K0C6,529
K9K0C7,529
K9K0C8,529
K9K0C9,529
K9K0E1,529
K9K0E2,529
K9K0E3,529
K9K0E4,529
K9K0E5,529
K9K0E6,529
K9K0E7,529
K9K0E8,529
K9K0E9,529
K9K0G1,529
K9K0G2,529
K9K0G3,529
K9K0G4,529
K9K0G5,529
K9K0G6,529
K9K0G7,529
K9K0G8,529
K9K1A1,529
K9K1A2,529
K9K1A3,529
K9K1A4,529
K9K1A5,529
K9K1A6,529
K9K1A7,529
K9K1A8,529
K9K1A9,529
K9K1B1,529
K9K1B2,529
K9K1B3,529
K9K1B4,529
K9K1B5,529
K9K1B7,529
K9K1B8,529
K9K1B9,529
K9K1C1,529
K9K1C2,529
K9K1C3,529
K9K1C4,529
K9K1C5,529
K9K1C6,529
K9K1C7,529
K9K1C8,529
K9K1C9,529
K9K1E1,529
K9K1E2,529
K9K1E3,529
K9K1E4,529
K9K1E5,529
K9K1E6,529
K9K1E7,529
K9K1E8,529
K9K1E9,529
K9K1G1,529
K9K1G2,529
K9K1G3,529
K9K1G4,529
K9K1G5,529
K9K1G6,529
K9K1G7,529
K9K1G8,529
K9K1G9,529
K9K1H2,529
K9K1H4,529
K9K1H5,529
K9K1H6,529
K9K1H7,529
K9K1H8,529
K9K1H9,529
K9K1J1,529
K9K1J2,529
K9K1J3,529
K9K1J4,529
K9K1J5,529
K9K1J6,529
K9K1J7,529
K9K1J8,529
K9K1J9,529
K9K1K1,529
K9K1K2,529
K9K1K4,529
K9K1K5,529
K9K1K6,529
K9K1K7,529
K9K1K9,529
K9K1L1,529
K9K1L2,529
K9K1L3,529
K9K1L4,529
K9K1L5,529
K9K1L6,529
K9K1L7,529
K9K1L8,529
K9K1M1,529
K9K1M2,529
K9K1M3,529
K9K1M4,529
K9K1M5,529
K9K1M6,529
K9K1M7,529
K9K1M8,529
K9K1M9,529
K9K1N1,529
K9K1N2,529
K9K1N3,529
K9K1N4,529
K9K1N5,529
K9K1N6,529
K9K1N7,529
K9K1N8,529
K9K1N9,529
K9K1P1,529
K9K1P2,529
K9K1P3,529
K9K1P4,529
K9K1P5,529
K9K1P6,529
K9K1P7,529
K9K1P8,529
K9K1P9,529
K9K1R1,529
K9K1R2,529
K9K1R3,529
K9K1R4,529
K9K1R5,529
K9K1R6,529
K9K1R7,529
K9K1R8,529
K9K1R9,529
K9K1S1,529
K9K1S2,529
K9K1S3,529
K9K1S4,529
K9K1S5,529
K9K1S6,529
K9K1S7,529
K9K1S8,529
K9K1S9,529
K9K1T1,529
K9K1T2,529
K9K1T3,529
K9K1T4,529
K9K1T5,529
K9K1T6,529
K9K1T8,529
K9K1T9,529
K9K1V1,529
K9K1V2,529
K9K1V3,529
K9K1V4,529
K9K1V5,529
K9K1V6,529
K9K1V7,529
K9K1V8,529
K9K1W1,529
K9K1W2,529
K9K1W3,529
K9K1W4,529
K9K1W5,529
K9K1W6,529
K9K1W7,529
K9K1W8,529
K9K1W9,529
K9K1X1,529
K9K1X2,529
K9K1X3,529
K9K1X4,529
K9K1X5,529
K9K1X6,529
K9K1X7,529
K9K1X8,529
K9K1X9,529
K9K1Y1,529
K9K1Y2,529
K9K1Y3,529
K9K1Y4,529
K9K1Y5,529
K9K1Y6,529
K9K1Y8,529
K9K1Y9,529
K9K1Z1,529
K9K1Z2,529
K9K1Z3,529
K9K1Z4,529
K9K1Z5,529
K9K1Z6,529
K9K1Z7,529
K9K1Z8,529
K9K1Z9,529
K9K2A1,529
K9K2A2,529
K9K2A3,529
K9K2A4,529
K9K2A5,529
K9K2A6,529
K9K2A7,529
K9K2A8,529
K9K2A9,529
K9K2B1,529
K9K2B2,529
K9K2B3,529
K9K2B4,529
K9K2B5,529
K9K2B6,529
K9K2B7,529
K9K2B8,529
K9K2B9,529
K9K2C1,529
K9K2C2,529
K9K2C3,529
K9K2C4,529
K9K2C5,529
K9K2C6,529
K9K2C7,529
K9K2C8,529
K9K2C9,529
K9K2E1,529
K9K2E2,529
K9K2E3,529
K9K2E4,529
K9K2E5,529
K9K2E6,529
K9K2E7,529
K9K2E8,529
K9K2E9,529
K9K2G1,529
K9K2G2,529
K9K2G3,529
K9K2G4,529
K9K2G5,529
K9K2G6,529
K9K2G7,529
K9K2G8,529
K9K2G9,529
K9K2H1,529
K9K2H2,529
K9K2H3,529
K9K2H4,529
K9K2H5,529
K9K2H6,529
K9K2H7,529
K9K2H8,529
K9K2H9,529
K9K2J1,529
K9K2J2,529
K9K2J3,529
K9K2J4,529
K9K2J5,529
K9K2J6,529
K9K2J7,529
K9K2J8,529
K9K2J9,529
K9K2K1,529
K9K2K2,529
K9K2K3,529
K9K2K4,529
K9K2K5,529
K9K2K6,529
K9K2K7,529
K9K2K8,529
K9K2K9,529
K9K2L1,529
K9K2L2,529
K9K2L3,529
K9K2L4,529
K9K2L5,529
K9K2L6,529
K9K2L7,529
K9K2L8,529
K9K2L9,529
K9K2M1,529
K9K2M2,529
K9K2M3,529
K9K2M4,529
K9K2M5,529
K9K2M6,529
K9K2M7,529
K9K2M8,529
K9K2M9,529
K9K2N2,529
K9K2N3,529
K9K2N4,529
K9K2N5,529
K9K2N6,529
K9K2N7,529
K9K2N8,529
K9K2N9,529
K9K2P1,529
K9K2P2,529
K9K2P3,529
K9K2P4,529
K9K2P5,529
K9K2P6,529
K9K2P7,529
K9K2P8,529
K9K2P9,529
K9K2R1,529
K9K2R2,529
K9K2R3,529
K9K2R4,529
K9K2R5,529
K9K2R6,529
K9K2R7,529
K9K2R8,529
K9K2R9,529
K9K2S1,529
K9K2S2,529
K9K2S3,529
K9K2S4,529
K9K2S5,529
K9K2S6,529
K9K2S7,529
K9K2S8,529
K9K2S9,529
K9K2T1,529
K9K2T2,529
K9K2T3,529
K9K2T4,529
K9L0A1,529
K9L0A2,529
K9L0A3,529
K9L0A4,529
K9L0A5,529
K9L0A6,529
K9L0A7,529
K9L0A8,529
K9L0A9,529
K9L0B1,529
K9L0B2,529
K9L0B3,529
K9L0B4,529
K9L0B5,529
K9L0B6,529
K9L0B7,529
K9L0B8,529
K9L0B9,529
K9L0C1,529
K9L0C2,529
K9L0C3,529
K9L0C4,529
K9L0C5,529
K9L0C6,529
K9L0C7,529
K9L0C8,529
K9L0C9,529
K9L0E1,529
K9L0E2,529
K9L0E3,529
K9L0E4,529
K9L0E5,529
K9L0E6,529
K9L0E7,529
K9L0E8,529
K9L0E9,529
K9L0G1,529
K9L0G2,529
K9L0G3,529
K9L0G6,529
K9L0G7,529
K9L1A1,529
K9L1A2,529
K9L1A3,529
K9L1A4,529
K9L1A5,529
K9L1A6,529
K9L1A7,529
K9L1A8,529
K9L1A9,529
K9L1B1,529
K9L1B2,529
K9L1B3,529
K9L1B4,529
K9L1B5,529
K9L1B6,529
K9L1B7,529
K9L1B8,529
K9L1B9,529
K9L1C1,529
K9L1C2,529
K9L1C3,529
K9L1C4,529
K9L1C5,529
K9L1C6,529
K9L1C7,529
K9L1C8,529
K9L1C9,529
K9L1E1,529
K9L1E2,529
K9L1E3,529
K9L1E4,529
K9L1E5,529
K9L1E6,529
K9L1E7,529
K9L1E8,529
K9L1E9,529
K9L1G1,529
K9L1G2,529
K9L1G3,529
K9L1G5,529
K9L1G6,529
K9L1G7,529
K9L1G8,529
K9L1G9,529
K9L1H1,529
K9L1H2,529
K9L1H3,529
K9L1H4,529
K9L1H5,529
K9L1H6,529
K9L1H7,529
K9L1H8,529
K9L1H9,529
K9L1J1,529
K9L1J2,529
K9L1J3,529
K9L1J4,529
K9L1J5,529
K9L1J6,529
K9L1J7,529
K9L1J8,529
K9L1J9,529
K9L1K1,529
K9L1K2,529
K9L1K3,529
K9L1K4,529
K9L1K5,529
K9L1K6,529
K9L1K8,529
K9L1K9,529
K9L1L1,529
K9L1L2,529
K9L1L3,529
K9L1L4,529
K9L1L5,529
K9L1L6,529
K9L1L7,529
K9L1L8,529
K9L1L9,529
K9L1M1,529
K9L1M2,529
K9L1M3,529
K9L1M4,529
K9L1M5,529
K9L1M6,529
K9L1M7,529
K9L1M8,529
K9L1M9,529
K9L1N1,529
K9L1N2,529
K9L1N3,529
K9L1N4,529
K9L1N5,529
K9L1N6,529
K9L1N7,529
K9L1N8,529
K9L1N9,529
K9L1P1,529
K9L1P2,529
K9L1P3,529
K9L1P4,529
K9L1P5,529
K9L1P6,529
K9L1P7,529
K9L1P8,529
K9L1P9,529
K9L1R1,529
K9L1R2,529
K9L1R3,529
K9L1R4,529
K9L1R5,529
K9L1R8,529
K9L1R9,529
K9L1S1,529
K9L1S2,529
K9L1S4,529
K9L1S5,529
K9L1S6,529
K9L1S7,529
K9L1S8,529
K9L1T1,529
K9L1T2,529
K9L1T3,529
K9L1T5,529
K9L1T6,529
K9L1T7,529
K9L1T8,529
K9L1T9,529
K9L1V1,529
K9L1V2,529
K9L1V3,529
K9L1V4,529
K9L1V5,529
K9L1V6,529
K9L1V7,529
K9L1V9,529
K9L1W1,529
K9L1W2,529
K9L1W4,529
K9L1W5,529
K9L1W6,529
K9L1W8,529
K9L1W9,529
K9L1X1,529
K9L1X2,529
K9L1X3,529
K9L1X4,529
K9L1X5,529
K9L1X6,529
K9L1X7,529
K9L1X8,529
K9L1X9,529
K9L1Y1,529
K9L1Y2,529
K9L1Y3,529
K9L1Y4,529
K9L1Y5,529
K9L1Y6,529
K9L1Y7,529
K9L1Y8,529
K9L1Y9,529
K9L1Z1,529
K9L1Z2,529
K9L1Z3,529
K9L1Z4,529
K9L1Z5,529
K9L1Z6,529
K9L1Z7,529
K9L1Z8,529
K9L1Z9,529
K9L2A1,529
K9L2A2,529
K9L2A3,529
K9L2A4,529
K9L2A5,529
K9L2A6,529
K9L2A8,529
K9L2A9,529
K9L2B2,529
K9L2B3,529
K9L2B4,529
L0A1A0,529
L0A1C0,529
L0A1G0,529
L9G3L1,543
N0A1H0,543
N0A1M0,543
N0B1E0,543
N0B1L0,543
N0B1W0,543
N0B2N0,543
N0E1A0,543
N0E1B0,543
N0E1E0,543
N0E1G0,543
N0E1K0,543
N0E1L0,543
N0E1N0,543
N0E1R0,543
N0E1S0,543
N0E1V0,543
N0E1W0,543
N0E1Y0,543
N0E1Z0,543
N0J1J0,543
N0J1P0,543
N0J1V0,543
N3L0A1,543
N3L0A2,543
N3L0A3,543
N3L0A4,543
N3L0A5,543
N3L0A6,543
N3L0A7,543
N3L0A8,543
N3L0A9,543
N3L0B1,543
N3L0B2,543
N3L0B3,543
N3L0B4,543
N3L0B5,543
N3L0B6,543
N3L0B7,543
N3L0B8,543
N3L0B9,543
N3L0C1,543
N3L0C2,543
N3L0C5,543
N3L0C6,543
N3L0C7,543
N3L0C8,543
N3L0C9,543
N3L0E1,543
N3L0E3,543
N3L0E4,543
N3L0E5,543
N3L0E6,543
N3L0E8,543
N3L0E9,543
N3L0G4,543
N3L0G5,543
N3L0G8,543
N3L0H2,543
N3L0H5,543
N3L0H6,543
N3L0H7,543
N3L0H8,543
N3L0J2,543
N3L0J3,543
N3L0J4,543
N3L0J5,543
N3L0J6,543
N3L1A1,543
N3L1A2,543
N3L1A3,543
N3L1A4,543
N3L1A5,543
N3L1A6,543
N3L1A7,543
N3L1A8,543
N3L1A9,543
N3L1B1,543
N3L1B2,543
N3L1B3,543
N3L1B4,543
N3L1B5,543
N3L1B6,543
N3L1B7,543
N3L1B8,543
N3L1B9,543
N3L1C1,543
N3L1C2,543
N3L1C3,543
N3L1C4,543
N3L1C5,543
N3L1C6,543
N3L1C7,543
N3L1C8,543
N3L1C9,543
N3L1E1,543
N3L1E2,543
N3L1E3,543
N3L1E5,543
N3L1E6,543
N3L1E7,543
N3L1E8,543
N3L1E9,543
N3L1G2,543
N3L1G3,543
N3L1G4,543
N3L1G5,543
N3L1G6,543
N3L1G7,543
N3L1G8,543
N3L1G9,543
N3L1H1,543
N3L1H2,543
N3L1H3,543
N3L1H4,543
N3L1H5,543
N3L1H6,543
N3L1H7,543
N3L1H8,543
N3L1H9,543
N3L1J1,543
N3L1J2,543
N3L1J3,543
N3L1J4,543
N3L1J5,543
N3L1J6,543
N3L1J7,543
N3L1J8,543
N3L1J9,543
N3L1K1,543
N3L1K2,543
N3L1K3,543
N3L1K4,543
N3L1K5,543
N3L1K6,543
N3L1K7,543
N3L1K8,543
N3L1K9,543
N3L1L2,543
N3L1L3,543
N3L1L4,543
N3L1L5,543
N3L1L6,543
N3L1L7,543
N3L1L8,543
N3L1L9,543
N3L1M1,543
N3L1M2,543
N3L1M3,543
N3L1M4,543
N3L1M5,543
N3L1M6,543
N3L1M7,543
N3L1M8,543
N3L1M9,543
N3L1N1,543
N3L1N2,543
N3L1N3,543
N3L1N4,543
N3L1N5,543
N3L1N6,543
N3L1N7,543
N3L1N8,543
N3L1N9,543
N3L1P1,543
N3L1P2,543
N3L1P3,543
N3L1P4,543
N3L1P5,543
N3L1P6,543
N3L1P7,543
N3L1P8,543
N3L1P9,543
N3L1R1,543
N3L1R2,543
N3L1R3,543
N3L1R4,543
N3L1R5,543
N3L1R6,543
N3L1R7,543
N3L1R8,543
N3L1R9,543
N3L1S1,543
N3L1S2,543
N3L1S3,543
N3L1S4,543
N3L1S5,543
N3L1S6,543
N3L1S7,543
N3L1S8,543
N3L1S9,543
N3L1T1,543
N3L1T2,543
N3L1T3,543
N3L1T4,543
N3L1T6,543
N3L1T7,543
N3L1T8,543
N3L1T9,543
N3L1V1,543
N3L1V2,543
N3L1V3,543
N3L1V4,543
N3L1V5,543
N3L1V6,543
N3L1V7,543
N3L1V8,543
N3L1V9,543
N3L1W1,543
N3L1W2,543
N3L1W3,543
N3L1W4,543
N3L1W5,543
N3L1W6,543
N3L1W7,543
N3L1W8,543
N3L1W9,543
N3L1X1,543
N3L1X2,543
N3L1X3,543
N3L1X4,543
N3L1X5,543
N3L1X6,543
N3L1X7,543
N3L1X8,543
N3L1X9,543
N3L1Y1,543
N3L1Y2,543
N3L1Y3,543
N3L1Y4,543
N3L1Y5,543
N3L1Y6,543
N3L1Y7,543
N3L1Y8,543
N3L1Y9,543
N3L1Z1,543
N3L1Z2,543
N3L1Z3,543
N3L1Z4,543
N3L1Z5,543
N3L1Z6,543
N3L1Z7,543
N3L1Z8,543
N3L2A1,543
N3L2A2,543
N3L2A3,543
N3L2A4,543
N3L2A5,543
N3L2A6,543
N3L2A7,543
N3L2A8,543
N3L2A9,543
N3L2B1,543
N3L2B2,543
N3L2B3,543
N3L2B4,543
N3L2B5,543
N3L2B6,543
N3L2B7,543
N3L2B8,543
N3L2B9,543
N3L2C1,543
N3L2C2,543
N3L2C3,543
N3L2C4,543
N3L2C5,543
N3L2C6,543
N3L2C7,543
N3L2C8,543
N3L2C9,543
N3L2E1,543
N3L2E2,543
N3L2E3,543
N3L2E4,543
N3L2E5,543
N3L2E6,543
N3L2E7,543
N3L2E8,543
N3L2E9,543
N3L2G1,543
N3L2G2,543
N3L2G3,543
N3L2G4,543
N3L2G5,543
N3L2G6,543
N3L2G8,543
N3L2G9,543
N3L2H1,543
N3L2H2,543
N3L2H3,543
N3L2H4,543
N3L2H5,543
N3L2H6,543
N3L2H7,543
N3L2H8,543
N3L2H9,543
N3L2J1,543
N3L2J2,543
N3L2J3,543
N3L2J4,543
N3L2J5,543
N3L2J6,543
N3L2J7,543
N3L2J8,543
N3L2J9,543
N3L2K1,543
N3L2K2,543
N3L2K3,543
N3L2K4,543
N3L2K5,543
N3L2K6,543
N3L2K7,543
N3L2K8,543
N3L2K9,543
N3L2L1,543
N3L2L2,543
N3L2L3,543
N3L2L4,543
N3L2L5,543
N3L2L6,543
N3L2L7,543
N3L2L8,543
N3L2L9,543
N3L2M2,543
N3L2M3,543
N3L2M4,543
N3L2M5,543
N3L2M6,543
N3L2M7,543
N3L2M8,543
N3L2M9,543
N3L2N1,543
N3L2N2,543
N3L2N3,543
N3L2N4,543
N3L2N5,543
N3L2N6,543
N3L2N7,543
N3L2N8,543
N3L2N9,543
N3L2P1,543
N3L2P2,543
N3L2P3,543
N3L2P4,543
N3L2P5,543
N3L2P6,543
N3L2P7,543
N3L2P8,543
N3L2P9,543
N3L2R1,543
N3L2R2,543
N3L2R3,543
N3L2R4,543
N3L2R5,543
N3L2R6,543
N3L2R7,543
N3L2R8,543
N3L2R9,543
N3L2S1,543
N3L2S2,543
N3L2S3,543
N3L2S4,543
N3L2S5,543
N3L2S6,543
N3L2S7,543
N3L2S8,543
N3L2S9,543
N3L2T1,543
N3L2T2,543
N3L2T3,543
N3L2T4,543
N3L2T5,543
N3L2T6,543
N3L2T7,543
N3L2T8,543
N3L2T9,543
N3L2V1,543
N3L2V2,543
N3L2V3,543
N3L2V4,543
N3L2V5,543
N3L2V6,543
N3L2V7,543
N3L2V8,543
N3L2V9,543
N3L2W2,543
N3L2W3,543
N3L2W4,543
N3L2W5,543
N3L2W6,543
N3L2W7,543
N3L2W8,543
N3L2W9,543
N3L2X1,543
N3L2X2,543
N3L2X3,543
N3L2X4,543
N3L2X5,543
N3L2X6,543
N3L2X7,543
N3L2X8,543
N3L2X9,543
N3L2Y1,543
N3L2Y2,543
N3L2Y3,543
N3L2Y4,543
N3L2Y5,543
N3L2Y6,543
N3L2Y7,543
N3L2Y8,543
N3L2Y9,543
N3L2Z1,543
N3L2Z2,543
N3L2Z3,543
N3L2Z4,543
N3L2Z6,543
N3L2Z8,543
N3L2Z9,543
N3L3A1,543
N3L3A2,543
N3L3A3,543
N3L3A4,543
N3L3A5,543
N3L3A6,543
N3L3A7,543
N3L3A8,543
N3L3A9,543
N3L3B1,543
N3L3B2,543
N3L3B3,543
N3L3B4,543
N3L3B5,543
N3L3B6,543
N3L3B7,543
N3L3B8,543
N3L3B9,543
N3L3C1,543
N3L3C2,543
N3L3C3,543
N3L3C4,543
N3L3C5,543
N3L3C6,543
N3L3C7,543
N3L3C8,543
N3L3C9,543
N3L3E1,543
N3L3E2,543
N3L3E3,543
N3L3E5,543
N3L3E7,543
N3L3G2,543
N3L3G5,543
N3L3G7,543
N3L3G8,543
N3L3G9,543
N3L3H1,543
N3L3H3,543
N3L3H4,543
N3L3H5,543
N3L3H6,543
N3L3H7,543
N3L3H8,543
N3L3H9,543
N3L3J1,543
N3L3J2,543
N3L3J3,543
N3L3J4,543
N3L3J6,543
N3L3J7,543
N3L3J9,543
N3L3K1,543
N3L3K2,543
N3L3K3,543
N3L3K4,543
N3L3K5,543
N3L3K6,543
N3L3K7,543
N3L3K9,543
N3L3L1,543
N3L3L2,543
N3L3L3,543
N3L3L4,543
N3L3L5,543
N3L3L6,543
N3L3L7,543
N3L3L8,543
N3L3L9,543
N3L3M1,543
N3L3M2,543
N3L3M3,543
N3L3M4,543
N3L3M5,543
N3L3M6,543
N3L3M7,543
N3L3M8,543
N3L3M9,543
N3L3N1,543
N3L3N2,543
N3L3N3,543
N3L3N4,543
N3L3N5,543
N3L3N6,543
N3L3N7,543
N3L3N8,543
N3L3N9,543
N3L3P1,543
N3L3P2,543
N3L3P3,543
N3L3P4,543
N3L3P7,543
N3L3P9,543
N3L3R1,543
N3L3R2,543
N3L3R3,543
N3L3R4,543
N3L3R5,543
N3L3R7,543
N3L3R9,543
N3L3S1,543
N3L3S2,543
N3L3S3,543
N3L3S4,543
N3L3S5,543
N3L3S6,543
N3L3S7,543
N3L3S8,543
N3L3S9,543
N3L3T1,543
N3L3T2,543
N3L3T3,543
N3L3T4,543
N3L3T5,543
N3L3T6,543
N3L3T9,543
N3L3V1,543
N3L3V2,543
N3L3V3,543
N3L3V4,543
N3L3V5,543
N3L3V6,543
N3L3V8,543
N3L3V9,543
N3L3W1,543
N3L3W2,543
N3L3W3,543
N3L3W4,543
N3L3W5,543
N3L3W6,543
N3L3W7,543
N3L3W8,543
N3L3W9,543
N3L3X1,543
N3L3X2,543
N3L3X3,543
N3L3X4,543
N3L3X8,543
N3L3Y1,543
N3L3Y2,543
N3L3Y8,543
N3L3Y9,543
N3L3Z8,543
N3L3Z9,543
N3L4A1,543
N3L4A2,543
N3L4A4,543
N3L4A5,543
N3L4A6,543
N3L4A7,543
N3L4A8,543
N3L4A9,543
N3L4B2,543
N3L4B3,543
N3L4B4,543
N3L4B5,543
N3L4B6,543
N3L4B7,543
N3L4B8,543
N3L4B9,543
N3L4C1,543
N3L4C2,543
N3L4C3,543
N3L4C4,543
N3L4C5,543
N3L4C6,543
N3L4C7,543
N3L4C8,543
N3L4C9,543
N3L4E1,543
N3L4E2,543
N3L4E3,543
N3L4E4,543
N3L4E5,543
N3L4E6,543
N3L4E7,543
N3L4E8,543
N3L4E9,543
N3L4G1,543
N3L4G2,543
N3L4G3,543
N3L4G4,543
N3L4G5,543
N3L4G6,543
N3L4G7,543
N3L4G8,543
N3L4G9,543
N3L4H1,543
N3L4H2,543
N3L4H3,543
N3L4H4,543
N3P0A1,543
N3P0A2,543
N3P1A1,543
N3P1A2,543
N3P1A3,543
N3P1A4,543
N3P1A5,543
N3P1A6,543
N3P1A7,543
N3P1A8,543
N3P1A9,543
N3P1B1,543
N3P1B2,543
N3P1B3,543
N3P1B4,543
N3P1B5,543
N3P1B7,543
N3P1B8,543
N3P1B9,543
N3P1C1,543
N3P1C2,543
N3P1C3,543
N3P1C5,543
N3P1C6,543
N3P1C7,543
N3P1C8,543
N3P1C9,543
N3P1E1,543
N3P1E2,543
N3P1E3,543
N3P1E4,543
N3P1E5,543
N3P1E6,543
N3P1E7,543
N3P1E8,543
N3P1E9,543
N3P1G1,543
N3P1G2,543
N3P1G3,543
N3P1G4,543
N3P1G5,543
N3P1G6,543
N3P1G7,543
N3P1G8,543
N3P1G9,543
N3P1H1,543
N3P1H2,543
N3P1H3,543
N3P1H4,543
N3P1H5,543
N3P1H6,543
N3P1H7,543
N3P1H8,543
N3P1H9,543
N3P1J1,543
N3P1J2,543
N3P1J4,543
N3P1J5,543
N3P1J6,543
N3P1J7,543
N3P1J8,543
N3P1K1,543
N3P1K2,543
N3P1K3,543
N3P1K4,543
N3P1K5,543
N3P1K6,543
N3P1K7,543
N3P1K8,543
N3P1K9,543
N3P1L1,543
N3P1L2,543
N3P1L3,543
N3P1L4,543
N3P1L6,543
N3P1L8,543
N3P1L9,543
N3P1M1,543
N3P1M4,543
N3P1M5,543
N3P1M6,543
N3P1M7,543
N3P1M8,543
N3P1M9,543
N3P1N1,543
N3P1N2,543
N3P1N3,543
N3P1N4,543
N3P1N5,543
N3P1N6,543
N3P1N7,543
N3P1N8,543
N3P1N9,543
N3P1P1,543
N3P1P2,543
N3P1P3,543
N3P1P4,543
N3P1P5,543
N3P1P6,543
N3P1P7,543
N3P1P8,543
N3P1P9,543
N3P1R1,543
N3P1R2,543
N3P1R3,543
N3P1R4,543
N3P1R5,543
N3P1R6,543
N3P1R7,543
N3P1R8,543
N3P1R9,543
N3P1S1,543
N3P1S2,543
N3P1S3,543
N3P1S4,543
N3P1S5,543
N3P1S6,543
N3P1S7,543
N3P1S8,543
N3P1S9,543
N3P1T1,543
N3P1T2,543
N3P1T3,543
N3P1T4,543
N3P1T5,543
N3P1T6,543
N3P1T7,543
N3P1T8,543
N3P1T9,543
N3P1V1,543
N3P1V2,543
N3P1V3,543
N3P1V4,543
N3P1V5,543
N3P1V6,543
N3P1V7,543
N3P1V8,543
N3P1V9,543
N3P1W1,543
N3P1W2,543
N3P1W3,543
N3P1W4,543
N3P1W5,543
N3P1W6,543
N3P1W7,543
N3P1W8,543
N3P1W9,543
N3P1X1,543
N3P1X2,543
N3P1X3,543
N3P1X4,543
N3P1X5,543
N3P1X6,543
N3P1X7,543
N3P1X8,543
N3P1X9,543
N3P1Y1,543
N3P1Y3,543
N3P1Y4,543
N3P1Y5,543
N3P1Y6,543
N3P1Y7,543
N3P1Y8,543
N3P1Y9,543
N3P1Z1,543
N3P1Z2,543
N3P1Z3,543
N3P1Z4,543
N3P1Z5,543
N3P1Z6,543
N3P1Z7,543
N3P1Z8,543
N3P1Z9,543
N3P2A1,543
N3P2A2,543
N3P2A3,543
N3P2A5,543
N3P2A6,543
N3P2A7,543
N3P2A8,543
N3P2A9,543
N3P2B1,543
N3P2B2,543
N3R0A1,543
N3R0A2,543
N3R0A3,543
N3R0A4,543
N3R0A5,543
N3R0A6,543
N3R0A7,543
N3R0B4,543
N3R0B5,543
N3R0B6,543
N3R0B7,543
N3R0B8,543
N3R0B9,543
N3R0C1,543
N3R0C3,543
N3R1A1,543
N3R1A2,543
N3R1A3,543
N3R1A4,543
N3R1A5,543
N3R1A6,543
N3R1A7,543
N3R1A8,543
N3R1B1,543
N3R1B2,543
N3R1B3,543
N3R1B4,543
N3R1B5,543
N3R1B6,543
N3R1B7,543
N3R1B8,543
N3R1B9,543
N3R1C1,543
N3R1C2,543
N3R1C3,543
N3R1C4,543
N3R1C5,543
N3R1C6,543
N3R1C7,543
N3R1C8,543
N3R1C9,543
N3R1E1,543
N3R1E2,543
N3R1E3,543
N3R1E4,543
N3R1E5,543
N3R1E6,543
N3R1E7,543
N3R1E8,543
N3R1E9,543
N3R1G1,543
N3R1G2,543
N3R1G3,543
N3R1G4,543
N3R1G5,543
N3R1G6,543
N3R1G7,543
N3R1G8,543
N3R1G9,543
N3R1H1,543
N3R1H2,543
N3R1H3,543
N3R1H4,543
N3R1H5,543
N3R1H6,543
N3R1H7,543
N3R1H8,543
N3R1H9,543
N3R1J1,543
N3R1J2,543
N3R1J3,543
N3R1J4,543
N3R1J5,543
N3R1J6,543
N3R1J7,543
N3R1J8,543
N3R1J9,543
N3R1K1,543
N3R1K2,543
N3R1K3,543
N3R1K4,543
N3R1K5,543
N3R1K6,543
N3R1K7,543
N3R1K8,543
N3R1K9,543
N3R1L1,543
N3R1L2,543
N3R1L3,543
N3R1L4,543
N3R1L5,543
N3R1L6,543
N3R1L7,543
N3R1L8,543
N3R1L9,543
N3R1M1,543
N3R1M2,543
N3R1M3,543
N3R1M4,543
N3R1M5,543
N3R1M6,543
N3R1M7,543
N3R1M8,543
N3R1M9,543
N3R1N1,543
N3R1N2,543
N3R1N3,543
N3R1N4,543
N3R1N5,543
N3R1N6,543
N3R1N9,543
N3R1P1,543
N3R1P2,543
N3R1P3,543
N3R1P4,543
N3R1P5,543
N3R1P6,543
N3R1P7,543
N3R1P8,543
N3R1P9,543
N3R1R1,543
N3R1R2,543
N3R1R3,543
N3R1R4,543
N3R1R5,543
N3R1R6,543
N3R1R7,543
N3R1R8,543
N3R1R9,543
N3R1S1,543
N3R1S2,543
N3R1S3,543
N3R1S4,543
N3R1S5,543
N3R1S6,543
N3R1S7,543
N3R1S8,543
N3R1S9,543
N3R1T1,543
N3R1T2,543
N3R1T3,543
N3R1T4,543
N3R1T5,543
N3R1T6,543
N3R1T7,543
N3R1T8,543
N3R1T9,543
N3R1V1,543
N3R1V2,543
N3R1V3,543
N3R1V4,543
N3R1V5,543
N3R1V6,543
N3R1V7,543
N3R1V8,543
N3R1V9,543
N3R1W1,543
N3R1W2,543
N3R1W3,543
N3R1W4,543
N3R1W5,543
N3R1W6,543
N3R1W7,543
N3R1W8,543
N3R1W9,543
N3R1X1,543
N3R1X2,543
N3R1X3,543
N3R1X4,543
N3R1X5,543
N3R1X6,543
N3R1X7,543
N3R1X8,543
N3R1X9,543
N3R1Y1,543
N3R1Y2,543
N3R1Y3,543
N3R1Y4,543
N3R1Y5,543
N3R1Y6,543
N3R1Y7,543
N3R1Y8,543
N3R1Y9,543
N3R1Z1,543
N3R1Z2,543
N3R1Z3,543
N3R1Z4,543
N3R1Z5,543
N3R1Z6,543
N3R1Z7,543
N3R1Z8,543
N3R1Z9,543
N3R2A1,543
N3R2A2,543
N3R2A3,543
N3R2A4,543
N3R2A5,543
N3R2A6,543
N3R2A7,543
N3R2A8,543
N3R2A9,543
N3R2B1,543
N3R2B2,543
N3R2B3,543
N3R2B4,543
N3R2B5,543
N3R2B6,543
N3R2B7,543
N3R2B8,543
N3R2B9,543
N3R2C1,543
N3R2C2,543
N3R2C3,543
N3R2C4,543
N3R2C5,543
N3R2C6,543
N3R2C7,543
N3R2C8,543
N3R2C9,543
N3R2E1,543
N3R2E2,543
N3R2E3,543
N3R2E4,543
N3R2E5,543
N3R2E6,543
N3R2E7,543
N3R2E8,543
N3R2E9,543
N3R2G1,543
N3R2G2,543
N3R2G3,543
N3R2G4,543
N3R2G5,543
N3R2G6,543
N3R2G7,543
N3R2G8,543
N3R2G9,543
N3R2H1,543
N3R2H2,543
N3R2H3,543
N3R2H4,543
N3R2H5,543
N3R2H6,543
N3R2H7,543
N3R2H8,543
N3R2H9,543
N3R2J1,543
N3R2J2,543
N3R2J3,543
N3R2J4,543
N3R2J5,543
N3R2J6,543
N3R2J7,543
N3R2J8,543
N3R2J9,543
N3R2K1,543
N3R2K2,543
N3R2K3,543
N3R2K4,543
N3R2K5,543
N3R2K6,543
N3R2K7,543
N3R2K8,543
N3R2K9,543
N3R2L1,543
N3R2L2,543
N3R2L3,543
N3R2L4,543
N3R2L5,543
N3R2L6,543
N3R2L7,543
N3R2L8,543
N3R2L9,543
N3R2M1,543
N3R2M2,543
N3R2M3,543
N3R2M4,543
N3R2M5,543
N3R2M6,543
N3R2M7,543
N3R2M8,543
N3R2M9,543
N3R2N1,543
N3R2N2,543
N3R2N3,543
N3R2N4,543
N3R2N5,543
N3R2N6,543
N3R2N7,543
N3R2N8,543
N3R2N9,543
N3R2P1,543
N3R2P2,543
N3R2P3,543
N3R2P4,543
N3R2P5,543
N3R2P6,543
N3R2P7,543
N3R2P8,543
N3R2P9,543
N3R2R1,543
N3R2R2,543
N3R2R3,543
N3R2R4,543
N3R2R5,543
N3R2R6,543
N3R2R7,543
N3R2R8,543
N3R2R9,543
N3R2S1,543
N3R2S2,543
N3R2S3,543
N3R2S4,543
N3R2S5,543
N3R2S6,543
N3R2S7,543
N3R2S8,543
N3R2S9,543
N3R2T1,543
N3R2T2,543
N3R2T3,543
N3R2T4,543
N3R2T5,543
N3R2T6,543
N3R2T7,543
N3R2T8,543
N3R2T9,543
N3R2V1,543
N3R2V2,543
N3R2V3,543
N3R2V4,543
N3R2V5,543
N3R2V6,543
N3R2V7,543
N3R2V8,543
N3R2V9,543
N3R2W1,543
N3R2W2,543
N3R2W3,543
N3R2W4,543
N3R2W5,543
N3R2W6,543
N3R2W7,543
N3R2W8,543
N3R2W9,543
N3R2X1,543
N3R2X2,543
N3R2X3,543
N3R2X4,543
N3R2X5,543
N3R2X6,543
N3R2X7,543
N3R2X8,543
N3R2X9,543
N3R2Y1,543
N3R2Y2,543
N3R2Y3,543
N3R2Y4,543
N3R2Y5,543
N3R2Y6,543
N3R2Y7,543
N3R2Y8,543
N3R2Y9,543
N3R2Z1,543
N3R2Z2,543
N3R2Z3,543
N3R2Z4,543
N3R2Z5,543
N3R2Z6,543
N3R2Z7,543
N3R2Z8,543
N3R2Z9,543
N3R3A1,543
N3R3A2,543
N3R3A3,543
N3R3A4,543
N3R3A5,543
N3R3A6,543
N3R3A7,543
N3R3A8,543
N3R3A9,543
N3R3B1,543
N3R3B2,543
N3R3B3,543
N3R3B4,543
N3R3B5,543
N3R3B6,543
N3R3B7,543
N3R3B8,543
N3R3B9,543
N3R3C1,543
N3R3C2,543
N3R3C3,543
N3R3C4,543
N3R3C5,543
N3R3C6,543
N3R3C7,543
N3R3C8,543
N3R3C9,543
N3R3E1,543
N3R3E2,543
N3R3E3,543
N3R3E4,543
N3R3E5,543
N3R3E6,543
N3R3E7,543
N3R3E8,543
N3R3E9,543
N3R3G1,543
N3R3G2,543
N3R3G3,543
N3R3G4,543
N3R3G5,543
N3R3G6,543
N3R3G7,543
N3R3G8,543
N3R3G9,543
N3R3H1,543
N3R3H2,543
N3R3H3,543
N3R3H4,543
N3R3H5,543
N3R3H6,543
N3R3H7,543
N3R3H8,543
N3R3H9,543
N3R3J1,543
N3R3J2,543
N3R3J3,543
N3R3J4,543
N3R3J5,543
N3R3J6,543
N3R3J7,543
N3R3J8,543
N3R3J9,543
N3R3K1,543
N3R3K2,543
N3R3K3,543
N3R3K4,543
N3R3K5,543
N3R3K6,543
N3R3K7,543
N3R3K8,543
N3R3K9,543
N3R3L1,543
N3R3L3,543
N3R3L4,543
N3R3L5,543
N3R3L6,543
N3R3L7,543
N3R3L8,543
N3R3L9,543
N3R3M1,543
N3R3M2,543
N3R3M3,543
N3R3M4,543
N3R3M5,543
N3R3M6,543
N3R3M7,543
N3R3M8,543
N3R3M9,543
N3R3N1,543
N3R3N2,543
N3R3N3,543
N3R3N4,543
N3R3N5,543
N3R3N6,543
N3R3N7,543
N3R3N8,543
N3R3N9,543
N3R3P1,543
N3R3P2,543
N3R3P3,543
N3R3P4,543
N3R3P5,543
N3R3P6,543
N3R3P7,543
N3R3P8,543
N3R3P9,543
N3R3R1,543
N3R3R2,543
N3R3R3,543
N3R3R4,543
N3R3R5,543
N3R3R6,543
N3R3R7,543
N3R3R8,543
N3R3R9,543
N3R3S1,543
N3R3S2,543
N3R3S3,543
N3R3S4,543
N3R3S5,543
N3R3S6,543
N3R3S7,543
N3R3S8,543
N3R3S9,543
N3R3T1,543
N3R3T2,543
N3R3T3,543
N3R3T4,543
N3R3T5,543
N3R3T6,543
N3R3T8,543
N3R3T9,543
N3R3V1,543
N3R3V2,543
N3R3V3,543
N3R3V4,543
N3R3V5,543
N3R3V6,543
N3R3V7,543
N3R3V8,543
N3R3V9,543
N3R3W2,543
N3R3W3,543
N3R3W4,543
N3R3W5,543
N3R3W6,543
N3R3W7,543
N3R3W8,543
N3R3W9,543
N3R3X1,543
N3R3X2,543
N3R3X3,543
N3R3X4,543
N3R3X5,543
N3R3X6,543
N3R3X7,543
N3R3X8,543
N3R3X9,543
N3R3Y1,543
N3R3Y2,543
N3R3Y3,543
N3R3Y4,543
N3R3Y5,543
N3R3Y6,543
N3R3Y7,543
N3R3Y8,543
N3R3Y9,543
N3R3Z1,543
N3R3Z2,543
N3R3Z3,543
N3R3Z4,543
N3R3Z5,543
N3R3Z6,543
N3R3Z7,543
N3R3Z8,543
N3R3Z9,543
N3R4A1,543
N3R4A2,543
N3R4A3,543
N3R4A4,543
N3R4A5,543
N3R4A6,543
N3R4A7,543
N3R4A8,543
N3R4A9,543
N3R4B1,543
N3R4B2,543
N3R4B3,543
N3R4B4,543
N3R4B5,543
N3R4B6,543
N3R4B7,543
N3R4B8,543
N3R4B9,543
N3R4C1,543
N3R4C2,543
N3R4C3,543
N3R4C4,543
N3R4C5,543
N3R4C6,543
N3R4C7,543
N3R4C8,543
N3R4C9,543
N3R4E1,543
N3R4E2,543
N3R4E3,543
N3R4E4,543
N3R4E5,543
N3R4E6,543
N3R4E7,543
N3R4E8,543
N3R4E9,543
N3R4G1,543
N3R4G2,543
N3R4G3,543
N3R4G4,543
N3R4G5,543
N3R4G6,543
N3R4G7,543
N3R4G8,543
N3R4G9,543
N3R4H1,543
N3R4H2,543
N3R4H3,543
N3R4H4,543
N3R4H5,543
N3R4H6,543
N3R4H8,543
N3R4H9,543
N3R4J1,543
N3R4J2,543
N3R4J3,543
N3R4J4,543
N3R4J5,543
N3R4J6,543
N3R4J7,543
N3R4J8,543
N3R4J9,543
N3R4K1,543
N3R4K2,543
N3R4K3,543
N3R4K4,543
N3R4K5,543
N3R4K6,543
N3R4K7,543
N3R4K8,543
N3R4K9,543
N3R4L1,543
N3R4L2,543
N3R4L3,543
N3R4L4,543
N3R4L5,543
N3R4L6,543
N3R4L8,543
N3R4L9,543
N3R4M1,543
N3R4M2,543
N3R4M3,543
N3R4M4,543
N3R4M5,543
N3R4M6,543
N3R4M7,543
N3R4M8,543
N3R4M9,543
N3R4N1,543
N3R4N2,543
N3R4N3,543
N3R4N4,543
N3R4N5,543
N3R4N6,543
N3R4N7,543
N3R4N8,543
N3R4N9,543
N3R4P1,543
N3R4P2,543
N3R4P3,543
N3R4P4,543
N3R4P5,543
N3R4P6,543
N3R4P7,543
N3R4P8,543
N3R4P9,543
N3R4R1,543
N3R4R2,543
N3R4R3,543
N3R4R4,543
N3R4R5,543
N3R4R6,543
N3R4R7,543
N3R4R8,543
N3R4R9,543
N3R4S1,543
N3R4S2,543
N3R4S3,543
N3R4S4,543
N3R4S5,543
N3R4S6,543
N3R4S7,543
N3R4S8,543
N3R4S9,543
N3R4T1,543
N3R4T2,543
N3R4T3,543
N3R4T4,543
N3R4T5,543
N3R4T6,543
N3R4T7,543
N3R4T8,543
N3R4T9,543
N3R4V1,543
N3R4V2,543
N3R4V3,543
N3R4V4,543
N3R4V5,543
N3R4V6,543
N3R4V7,543
N3R4V8,543
N3R4V9,543
N3R4W1,543
N3R4W2,543
N3R4W3,543
N3R4W4,543
N3R4W5,543
N3R4W6,543
N3R4W7,543
N3R4W8,543
N3R4W9,543
N3R4X1,543
N3R4X2,543
N3R4X3,543
N3R4X4,543
N3R4X5,543
N3R4X6,543
N3R4X8,543
N3R4X9,543
N3R4Y1,543
N3R4Y2,543
N3R4Y3,543
N3R4Y4,543
N3R4Y5,543
N3R4Y6,543
N3R4Y7,543
N3R4Y8,543
N3R4Y9,543
N3R4Z1,543
N3R4Z2,543
N3R4Z3,543
N3R4Z4,543
N3R4Z5,543
N3R4Z6,543
N3R4Z7,543
N3R4Z8,543
N3R4Z9,543
N3R5A1,543
N3R5A2,543
N3R5A3,543
N3R5A4,543
N3R5A5,543
N3R5A6,543
N3R5A7,543
N3R5A8,543
N3R5A9,543
N3R5B1,543
N3R5B2,543
N3R5B3,543
N3R5B4,543
N3R5B5,543
N3R5B6,543
N3R5B7,543
N3R5B8,543
N3R5B9,543
N3R5C1,543
N3R5C2,543
N3R5C3,543
N3R5C4,543
N3R5C5,543
N3R5C6,543
N3R5C7,543
N3R5C8,543
N3R5C9,543
N3R5E1,543
N3R5E2,543
N3R5E3,543
N3R5E4,543
N3R5E5,543
N3R5E6,543
N3R5E7,543
N3R5E8,543
N3R5E9,543
N3R5G1,543
N3R5G2,543
N3R5G3,543
N3R5G4,543
N3R5G5,543
N3R5G6,543
N3R5G7,543
N3R5G8,543
N3R5G9,543
N3R5H1,543
N3R5H2,543
N3R5H3,543
N3R5H4,543
N3R5H5,543
N3R5H6,543
N3R5H7,543
N3R5H8,543
N3R5H9,543
N3R5J1,543
N3R5J2,543
N3R5J3,543
N3R5J4,543
N3R5J5,543
N3R5J6,543
N3R5J7,543
N3R5J8,543
N3R5J9,543
N3R5K1,543
N3R5K2,543
N3R5K3,543
N3R5K4,543
N3R5K5,543
N3R5K6,543
N3R5K7,543
N3R5K8,543
N3R5K9,543
N3R5L1,543
N3R5L3,543
N3R5L4,543
N3R5L5,543
N3R5L6,543
N3R5L7,543
N3R5L8,543
N3R5L9,543
N3R5M1,543
N3R5M2,543
N3R5M3,543
N3R5M4,543
N3R5M5,543
N3R5M6,543
N3R5M7,543
N3R5M8,543
N3R5M9,543
N3R5N1,543
N3R5N2,543
N3R5N3,543
N3R5N4,543
N3R5N5,543
N3R5N6,543
N3R5N7,543
N3R5N8,543
N3R5N9,543
N3R5P1,543
N3R5P2,543
N3R5P3,543
N3R5P4,543
N3R5P5,543
N3R5P6,543
N3R5P7,543
N3R5P8,543
N3R5P9,543
N3R5R1,543
N3R5R2,543
N3R5R3,543
N3R5R4,543
N3R5R5,543
N3R5R6,543
N3R5R7,543
N3R5R8,543
N3R5R9,543
N3R5S1,543
N3R5S2,543
N3R5S3,543
N3R5S4,543
N3R5S5,543
N3R5S6,543
N3R5S7,543
N3R5S8,543
N3R5S9,543
N3R5T1,543
N3R5T2,543
N3R5T3,543
N3R5T4,543
N3R5T5,543
N3R5T6,543
N3R5T7,543
N3R5T8,543
N3R5V1,543
N3R5V2,543
N3R5V4,543
N3R5V5,543
N3R5V6,543
N3R5V7,543
N3R5V8,543
N3R5V9,543
N3R5W1,543
N3R5W2,543
N3R5W3,543
N3R5W4,543
N3R5W5,543
N3R5W6,543
N3R5W7,543
N3R5W8,543
N3R5W9,543
N3R5X1,543
N3R5X2,543
N3R5X3,543
N3R5X4,543
N3R5X5,543
N3R5X6,543
N3R5X7,543
N3R5X8,543
N3R5X9,543
N3R5Y1,543
N3R5Y2,543
N3R5Y3,543
N3R5Y4,543
N3R5Y5,543
N3R5Y6,543
N3R5Y7,543
N3R5Y8,543
N3R5Y9,543
N3R5Z1,543
N3R5Z2,543
N3R5Z3,543
N3R5Z4,543
N3R5Z5,543
N3R5Z6,543
N3R5Z7,543
N3R5Z8,543
N3R5Z9,543
N3R6A1,543
N3R6A2,543
N3R6A3,543
N3R6A4,543
N3R6A5,543
N3R6A6,543
N3R6A7,543
N3R6A8,543
N3R6A9,543
N3R6B1,543
N3R6B2,543
N3R6B3,543
N3R6B4,543
N3R6B5,543
N3R6B6,543
N3R6B8,543
N3R6B9,543
N3R6C1,543
N3R6C2,543
N3R6C3,543
N3R6C5,543
N3R6C7,543
N3R6C9,543
N3R6E1,543
N3R6E2,543
N3R6E3,543
N3R6E4,543
N3R6E5,543
N3R6E6,543
N3R6E7,543
N3R6E8,543
N3R6E9,543
N3R6G1,543
N3R6G2,543
N3R6G3,543
N3R6G4,543
N3R6G5,543
N3R6G6,543
N3R6G7,543
N3R6G8,543
N3R6G9,543
N3R6H1,543
N3R6H2,543
N3R6H3,543
N3R6H4,543
N3R6H5,543
N3R6H6,543
N3R6H7,543
N3R6H8,543
N3R6H9,543
N3R6J1,543
N3R6J2,543
N3R6J3,543
N3R6J4,543
N3R6J5,543
N3R6J7,543
N3R6J8,543
N3R6J9,543
N3R6K1,543
N3R6K2,543
N3R6K3,543
N3R6K4,543
N3R6K5,543
N3R6K6,543
N3R6K7,543
N3R6K8,543
N3R6K9,543
N3R6L1,543
N3R6L2,543
N3R6L3,543
N3R6L4,543
N3R6L5,543
N3R6L6,543
N3R6L7,543
N3R6L8,543
N3R6L9,543
N3R6M1,543
N3R6M2,543
N3R6M3,543
N3R6M4,543
N3R6M5,543
N3R6M7,543
N3R6M8,543
N3R6M9,543
N3R6N1,543
N3R6N2,543
N3R6N3,543
N3R6N4,543
N3R6N5,543
N3R6N6,543
N3R6N7,543
N3R6N8,543
N3R6N9,543
N3R6P1,543
N3R6P2,543
N3R6P3,543
N3R6P4,543
N3R6P5,543
N3R6P6,543
N3R6P7,543
N3R6P8,543
N3R6P9,543
N3R6R1,543
N3R6R2,543
N3R6R3,543
N3R6R4,543
N3R6R5,543
N3R6R6,543
N3R6R7,543
N3R6R9,543
N3R6S1,543
N3R6S2,543
N3R6S3,543
N3R6S5,543
N3R6S6,543
N3R6S7,543
N3R6S8,543
N3R6S9,543
N3R6T1,543
N3R6T2,543
N3R6T3,543
N3R6T4,543
N3R6T5,543
N3R6T6,543
N3R6T7,543
N3R6T8,543
N3R6T9,543
N3R6V1,543
N3R6V2,543
N3R6V3,543
N3R6V4,543
N3R6V5,543
N3R6V6,543
N3R6V7,543
N3R6V8,543
N3R6V9,543
N3R6W1,543
N3R6W2,543
N3R6W3,543
N3R6W4,543
N3R6W5,543
N3R6W6,543
N3R6W7,543
N3R6W8,543
N3R6W9,543
N3R6X1,543
N3R6X2,543
N3R6X3,543
N3R6X4,543
N3R6X5,543
N3R6X6,543
N3R6X7,543
N3R6X8,543
N3R6X9,543
N3R6Y1,543
N3R6Y2,543
N3R6Y3,543
N3R6Y4,543
N3R6Y5,543
N3R6Y7,543
N3R6Y8,543
N3R6Y9,543
N3R6Z1,543
N3R6Z2,543
N3R6Z3,543
N3R6Z4,543
N3R6Z5,543
N3R6Z6,543
N3R6Z7,543
N3R6Z8,543
N3R6Z9,543
N3R7A1,543
N3R7A2,543
N3R7A3,543
N3R7A4,543
N3R7A5,543
N3R7A6,543
N3R7A7,543
N3R7A8,543
N3R7A9,543
N3R7B1,543
N3R7B2,543
N3R7B3,543
N3R7B4,543
N3R7B5,543
N3R7B6,543
N3R7B7,543
N3R7B8,543
N3R7B9,543
N3R7C1,543
N3R7C2,543
N3R7C3,543
N3R7C4,543
N3R7C5,543
N3R7C6,543
N3R7C7,543
N3R7C8,543
N3R7C9,543
N3R7E1,543
N3R7E2,543
N3R7E3,543
N3R7E4,543
N3R7E5,543
N3R7E6,543
N3R7E7,543
N3R7E8,543
N3R7E9,543
N3R7G1,543
N3R7G2,543
N3R7G3,543
N3R7G4,543
N3R7G5,543
N3R7G6,543
N3R7G7,543
N3R7G9,543
N3R7H1,543
N3R7H2,543
N3R7H3,543
N3R7H4,543
N3R7H5,543
N3R7H6,543
N3R7H7,543
N3R7H8,543
N3R7H9,543
N3R7J1,543
N3R7J2,543
N3R7J3,543
N3R7J4,543
N3R7J5,543
N3R7J6,543
N3R7J7,543
N3R7J9,543
N3R7K1,543
N3R7K2,543
N3R7K3,543
N3R7K4,543
N3R7K5,543
N3R7K6,543
N3R7K7,543
N3R7K8,543
N3R7K9,543
N3R7L1,543
N3R7L2,543
N3R7L3,543
N3R7L4,543
N3R7L5,543
N3R7L6,543
N3R7L7,543
N3R7L9,543
N3R7M1,543
N3R7M2,543
N3R7M3,543
N3R7M4,543
N3R7M5,543
N3R7M6,543
N3R7M7,543
N3R7M8,543
N3R7M9,543
N3R7N1,543
N3R7N2,543
N3R7N3,543
N3R7N4,543
N3R7N5,543
N3R7N6,543
N3R7N7,543
N3R7N8,543
N3R7N9,543
N3R7P1,543
N3R7P2,543
N3R7P3,543
N3R7P4,543
N3R7P5,543
N3R7P6,543
N3R7P7,543
N3R7P8,543
N3R7P9,543
N3R7R1,543
N3R7R2,543
N3R7R3,543
N3R7R4,543
N3R7R5,543
N3R7R6,543
N3R7R7,543
N3R7R8,543
N3R7R9,543
N3R7S1,543
N3R7S2,543
N3R7S3,543
N3R7S4,543
N3R7S5,543
N3R7S6,543
N3R7S7,543
N3R7S8,543
N3R7S9,543
N3R7T1,543
N3R7T2,543
N3R7T3,543
N3R7T4,543
N3R7T5,543
N3R7T6,543
N3R7T7,543
N3R7T8,543
N3R7T9,543
N3R7V1,543
N3R7V2,543
N3R7V3,543
N3R7V4,543
N3R7V5,543
N3R7V6,543
N3R7V7,543
N3R7V8,543
N3R7V9,543
N3R7W1,543
N3R7W2,543
N3R7W3,543
N3R7W4,543
N3R7W5,543
N3R7W6,543
N3R7W7,543
N3R7W8,543
N3R7W9,543
N3R7X1,543
N3R7X2,543
N3R7X3,543
N3R7X4,543
N3R7X5,543
N3R7X6,543
N3R7X8,543
N3R7X9,543
N3R7Y1,543
N3R7Y2,543
N3R7Y3,543
N3R7Y4,543
N3R7Y5,543
N3R7Y7,543
N3R7Y8,543
N3R7Y9,543
N3R7Z1,543
N3R7Z2,543
N3R7Z3,543
N3R7Z4,543
N3R7Z5,543
N3R7Z6,543
N3R7Z7,543
N3R7Z8,543
N3R7Z9,543
N3R8A1,543
N3R8A3,543
N3R8A4,543
N3R8A5,543
N3R8A6,543
N3R8A7,543
N3R8A8,543
N3R8A9,543
N3R8B1,543
N3R8B2,543
N3R8B3,543
N3R8B4,543
N3R8B5,543
N3R8B6,543
N3R8B7,543
N3R8B8,543
N3S0A1,543
N3S0A2,543
N3S0A3,543
N3S0A4,543
N3S0A5,543
N3S0A6,543
N3S0A7,543
N3S0A8,543
N3S0A9,543
N3S0B1,543
N3S0B2,543
N3S0B3,543
N3S0B4,543
N3S0B5,543
N3S0B6,543
N3S0B7,543
N3S0B8,543
N3S0B9,543
N3S0C1,543
N3S0C2,543
N3S0C3,543
N3S0C4,543
N3S0C5,543
N3S0C6,543
N3S0C7,543
N3S0C8,543
N3S0C9,543
N3S0E1,543
N3S0E2,543
N3S0E3,543
N3S0E5,543
N3S0E6,543
N3S0E7,543
N3S0E8,543
N3S0E9,543
N3S0G1,543
N3S0G2,543
N3S0G3,543
N3S0G4,543
N3S0G5,543
N3S0G6,543
N3S0G7,543
N3S0G8,543
N3S0G9,543
N3S0H1,543
N3S0H2,543
N3S0H3,543
N3S0H4,543
N3S0H5,543
N3S0H6,543
N3S0H7,543
N3S0H8,543
N3S0H9,543
N3S0J1,543
N3S0J2,543
N3S0J3,543
N3S0J5,543
N3S0J7,543
N3S0J8,543
N3S0J9,543
N3S1A1,543
N3S1A2,543
N3S1A3,543
N3S1A4,543
N3S1A5,543
N3S1A6,543
N3S1A7,543
N3S1A8,543
N3S1A9,543
N3S1B1,543
N3S1B2,543
N3S1B3,543
N3S1B4,543
N3S1B5,543
N3S1B6,543
N3S1B7,543
N3S1B8,543
N3S1B9,543
N3S1C1,543
N3S1C2,543
N3S1C3,543
N3S1C4,543
N3S1C5,543
N3S1C6,543
N3S1C7,543
N3S1C8,543
N3S1C9,543
N3S1E1,543
N3S1E2,543
N3S1E3,543
N3S1E4,543
N3S1E5,543
N3S1E6,543
N3S1E7,543
N3S1E8,543
N3S1E9,543
N3S1G1,543
N3S1G2,543
N3S1G3,543
N3S1G4,543
N3S1G5,543
N3S1G6,543
N3S1G7,543
N3S1G8,543
N3S1G9,543
N3S1H1,543
N3S1H2,543
N3S1H3,543
N3S1H4,543
N3S1H5,543
N3S1H6,543
N3S1H7,543
N3S1H8,543
N3S1H9,543
N3S1J1,543
N3S1J2,543
N3S1J3,543
N3S1J4,543
N3S1J5,543
N3S1J6,543
N3S1J7,543
N3S1J8,543
N3S1J9,543
N3S1K1,543
N3S1K2,543
N3S1K3,543
N3S1K4,543
N3S1K5,543
N3S1K6,543
N3S1K7,543
N3S1K8,543
N3S1K9,543
N3S1L1,543
N3S1L2,543
N3S1L3,543
N3S1L4,543
N3S1L5,543
N3S1L6,543
N3S1L7,543
N3S1L8,543
N3S1L9,543
N3S1M1,543
N3S1M2,543
N3S1M3,543
N3S1M4,543
N3S1M5,543
N3S1M6,543
N3S1M7,543
N3S1M8,543
N3S1M9,543
N3S1N1,543
N3S1N2,543
N3S1N4,543
N3S1N5,543
N3S1N6,543
N3S1N7,543
N3S1N8,543
N3S1N9,543
N3S1P1,543
N3S1P2,543
N3S1P3,543
N3S1P4,543
N3S1P5,543
N3S1P6,543
N3S1P7,543
N3S1P8,543
N3S1P9,543
N3S1R1,543
N3S1R2,543
N3S1R3,543
N3S1R4,543
N3S1R5,543
N3S1R6,543
N3S1R7,543
N3S1R8,543
N3S1R9,543
N3S1S1,543
N3S1S2,543
N3S1S3,543
N3S1S4,543
N3S1S5,543
N3S1S6,543
N3S1S7,543
N3S1S8,543
N3S1S9,543
N3S1T1,543
N3S1T2,543
N3S1T3,543
N3S1T4,543
N3S1T5,543
N3S1T6,543
N3S1T7,543
N3S1T8,543
N3S1T9,543
N3S1V1,543
N3S1V2,543
N3S1V3,543
N3S1V4,543
N3S1V5,543
N3S1V6,543
N3S1V7,543
N3S1V8,543
N3S1V9,543
N3S1W1,543
N3S1W2,543
N3S1W3,543
N3S1W5,543
N3S1W6,543
N3S1W7,543
N3S1W8,543
N3S1W9,543
N3S1X1,543
N3S1X2,543
N3S1X3,543
N3S1X4,543
N3S1X5,543
N3S1X6,543
N3S1X7,543
N3S1X8,543
N3S1X9,543
N3S1Y1,543
N3S1Y2,543
N3S1Y3,543
N3S1Y4,543
N3S1Y5,543
N3S1Y6,543
N3S1Y7,543
N3S1Y8,543
N3S1Y9,543
N3S1Z1,543
N3S1Z2,543
N3S1Z3,543
N3S1Z4,543
N3S1Z5,543
N3S1Z6,543
N3S1Z7,543
N3S1Z8,543
N3S1Z9,543
N3S2A1,543
N3S2A2,543
N3S2A3,543
N3S2A4,543
N3S2A5,543
N3S2A6,543
N3S2A7,543
N3S2A8,543
N3S2A9,543
N3S2B1,543
N3S2B2,543
N3S2B3,543
N3S2B4,543
N3S2B5,543
N3S2B6,543
N3S2B7,543
N3S2B8,543
N3S2B9,543
N3S2C1,543
N3S2C2,543
N3S2C3,543
N3S2C4,543
N3S2C5,543
N3S2C6,543
N3S2C7,543
N3S2C8,543
N3S2C9,543
N3S2E1,543
N3S2E2,543
N3S2E3,543
N3S2E4,543
N3S2E5,543
N3S2E7,543
N3S2E8,543
N3S2E9,543
N3S2G1,543
N3S2G2,543
N3S2G3,543
N3S2G4,543
N3S2G5,543
N3S2G6,543
N3S2G7,543
N3S2G8,543
N3S2G9,543
N3S2H1,543
N3S2H2,543
N3S2H3,543
N3S2H4,543
N3S2H5,543
N3S2H6,543
N3S2H7,543
N3S2H8,543
N3S2H9,543
N3S2J1,543
N3S2J2,543
N3S2J3,543
N3S2J4,543
N3S2J5,543
N3S2J6,543
N3S2J7,543
N3S2J8,543
N3S2J9,543
N3S2K1,543
N3S2K2,543
N3S2K3,543
N3S2K4,543
N3S2K5,543
N3S2K6,543
N3S2K7,543
N3S2K8,543
N3S2K9,543
N3S2L1,543
N3S2L2,543
N3S2L3,543
N3S2L4,543
N3S2L5,543
N3S2L6,543
N3S2L7,543
N3S2L8,543
N3S2L9,543
N3S2M1,543
N3S2M2,543
N3S2M3,543
N3S2M4,543
N3S2M5,543
N3S2M6,543
N3S2M7,543
N3S2M8,543
N3S2M9,543
N3S2N1,543
N3S2N2,543
N3S2N3,543
N3S2N4,543
N3S2N5,543
N3S2N6,543
N3S2N7,543
N3S2N8,543
N3S2N9,543
N3S2P1,543
N3S2P2,543
N3S2P3,543
N3S2P4,543
N3S2P5,543
N3S2P6,543
N3S2P7,543
N3S2P8,543
N3S2P9,543
N3S2R1,543
N3S2R2,543
N3S2R3,543
N3S2R4,543
N3S2R5,543
N3S2R6,543
N3S2R7,543
N3S2R8,543
N3S2R9,543
N3S2S1,543
N3S2S2,543
N3S2S3,543
N3S2S4,543
N3S2S5,543
N3S2S6,543
N3S2S7,543
N3S2S8,543
N3S2S9,543
N3S2T1,543
N3S2T2,543
N3S2T3,543
N3S2T5,543
N3S2T6,543
N3S2T7,543
N3S2T8,543
N3S2T9,543
N3S2V1,543
N3S2V2,543
N3S2V3,543
N3S2V4,543
N3S2V5,543
N3S2V6,543
N3S2V7,543
N3S2V8,543
N3S2W1,543
N3S2W2,543
N3S2W3,543
N3S2W4,543
N3S2W5,543
N3S2W6,543
N3S2W7,543
N3S2W8,543
N3S2W9,543
N3S2X1,543
N3S2X2,543
N3S2X3,543
N3S2X4,543
N3S2X5,543
N3S2X6,543
N3S2X7,543
N3S2X9,543
N3S2Y4,543
N3S2Y5,543
N3S2Y6,543
N3S2Y7,543
N3S2Y8,543
N3S2Y9,543
N3S2Z1,543
N3S2Z2,543
N3S2Z3,543
N3S2Z5,543
N3S2Z6,543
N3S2Z7,543
N3S2Z8,543
N3S2Z9,543
N3S3A1,543
N3S3A2,543
N3S3A3,543
N3S3A4,543
N3S3A5,543
N3S3A6,543
N3S3A7,543
N3S3A8,543
N3S3A9,543
N3S3B1,543
N3S3B2,543
N3S3B3,543
N3S3B4,543
N3S3B5,543
N3S3B6,543
N3S3B7,543
N3S3B8,543
N3S3B9,543
N3S3C1,543
N3S3C2,543
N3S3C3,543
N3S3C4,543
N3S3C5,543
N3S3C6,543
N3S3C7,543
N3S3C8,543
N3S3C9,543
N3S3E1,543
N3S3E2,543
N3S3E3,543
N3S3E4,543
N3S3E5,543
N3S3E6,543
N3S3E7,543
N3S3E8,543
N3S3E9,543
N3S3G1,543
N3S3G2,543
N3S3G3,543
N3S3G4,543
N3S3G5,543
N3S3G6,543
N3S3G7,543
N3S3G8,543
N3S3G9,543
N3S3H1,543
N3S3H2,543
N3S3H3,543
N3S3H4,543
N3S3H5,543
N3S3H6,543
N3S3H7,543
N3S3H8,543
N3S3H9,543
N3S3J1,543
N3S3J2,543
N3S3J3,543
N3S3J4,543
N3S3J5,543
N3S3J6,543
N3S3J7,543
N3S3J8,543
N3S3J9,543
N3S3K1,543
N3S3K2,543
N3S3K3,543
N3S3K4,543
N3S3K5,543
N3S3K6,543
N3S3K7,543
N3S3K8,543
N3S3K9,543
N3S3L1,543
N3S3L2,543
N3S3L3,543
N3S3L4,543
N3S3L5,543
N3S3L6,543
N3S3L7,543
N3S3L8,543
N3S3M1,543
N3S3M2,543
N3S3M3,543
N3S3M4,543
N3S3M5,543
N3S3M6,543
N3S3M7,543
N3S3M8,543
N3S3M9,543
N3S3N1,543
N3S3N2,543
N3S3N3,543
N3S3N4,543
N3S3N5,543
N3S3N6,543
N3S3N7,543
N3S3N8,543
N3S3N9,543
N3S3P1,543
N3S3P2,543
N3S3P3,543
N3S3P4,543
N3S3P6,543
N3S3P7,543
N3S3P8,543
N3S3P9,543
N3S3R1,543
N3S3R2,543
N3S3R4,543
N3S3R5,543
N3S3R6,543
N3S3R7,543
N3S3R8,543
N3S3R9,543
N3S3S1,543
N3S3S2,543
N3S3S3,543
N3S3S4,543
N3S3S5,543
N3S3S6,543
N3S3S7,543
N3S3S8,543
N3S3S9,543
N3S3T1,543
N3S3T2,543
N3S3T3,543
N3S3T4,543
N3S3T5,543
N3S3T6,543
N3S3T7,543
N3S3T8,543
N3S3T9,543
N3S3V1,543
N3S3V2,543
N3S3V3,543
N3S3V4,543
N3S3V5,543
N3S3V6,543
N3S3V7,543
N3S3V8,543
N3S3V9,543
N3S3W1,543
N3S3W2,543
N3S3W5,543
N3S3W6,543
N3S3W7,543
N3S3W8,543
N3S3W9,543
N3S3X1,543
N3S3X2,543
N3S3X3,543
N3S3X4,543
N3S3X5,543
N3S3X6,543
N3S3X7,543
N3S3X8,543
N3S3X9,543
N3S3Y1,543
N3S3Y2,543
N3S3Y3,543
N3S3Y4,543
N3S3Y5,543
N3S3Y6,543
N3S3Y7,543
N3S3Y8,543
N3S3Y9,543
N3S3Z1,543
N3S3Z2,543
N3S3Z3,543
N3S3Z4,543
N3S3Z5,543
N3S3Z6,543
N3S3Z7,543
N3S3Z8,543
N3S3Z9,543
N3S4A1,543
N3S4A2,543
N3S4A3,543
N3S4A4,543
N3S4A5,543
N3S4A6,543
N3S4A7,543
N3S4A8,543
N3S4A9,543
N3S4B1,543
N3S4B2,543
N3S4B3,543
N3S4B4,543
N3S4B5,543
N3S4B6,543
N3S4B7,543
N3S4B8,543
N3S4B9,543
N3S4C1,543
N3S4C2,543
N3S4C3,543
N3S4C4,543
N3S4C5,543
N3S4C6,543
N3S4C7,543
N3S4C8,543
N3S4C9,543
N3S4E1,543
N3S4E2,543
N3S4E3,543
N3S4E4,543
N3S4E5,543
N3S4E6,543
N3S4E7,543
N3S4E8,543
N3S4E9,543
N3S4G1,543
N3S4G2,543
N3S4G3,543
N3S4G4,543
N3S4G5,543
N3S4G6,543
N3S4G7,543
N3S4G8,543
N3S4G9,543
N3S4H1,543
N3S4H2,543
N3S4H3,543
N3S4H4,543
N3S4H5,543
N3S4H6,543
N3S4H7,543
N3S4H8,543
N3S4H9,543
N3S4J1,543
N3S4J2,543
N3S4J3,543
N3S4J4,543
N3S4J5,543
N3S4J6,543
N3S4J7,543
N3S4J8,543
N3S4J9,543
N3S4K1,543
N3S4K2,543
N3S4K3,543
N3S4K4,543
N3S4K5,543
N3S4K6,543
N3S4K7,543
N3S4K8,543
N3S4K9,543
N3S4L1,543
N3S4L2,543
N3S4L3,543
N3S4L4,543
N3S4L5,543
N3S4L6,543
N3S4L7,543
N3S4L8,543
N3S4L9,543
N3S4M1,543
N3S4M2,543
N3S4M3,543
N3S4M4,543
N3S4M5,543
N3S4M6,543
N3S4M7,543
N3S4M8,543
N3S4M9,543
N3S4N1,543
N3S4N2,543
N3S4N3,543
N3S4N4,543
N3S4N5,543
N3S4N6,543
N3S4N7,543
N3S4N8,543
N3S4N9,543
N3S4P1,543
N3S4P2,543
N3S4P3,543
N3S4P4,543
N3S4P5,543
N3S4P6,543
N3S4P7,543
N3S4P8,543
N3S4P9,543
N3S4R1,543
N3S4R2,543
N3S4R3,543
N3S4R4,543
N3S4R5,543
N3S4R6,543
N3S4R7,543
N3S4R8,543
N3S4R9,543
N3S4S1,543
N3S4S2,543
N3S4S3,543
N3S4S4,543
N3S4S5,543
N3S4S6,543
N3S4S7,543
N3S4S8,543
N3S4S9,543
N3S4T1,543
N3S4T2,543
N3S4T3,543
N3S4T4,543
N3S4T5,543
N3S4T6,543
N3S4T7,543
N3S4T8,543
N3S4T9,543
N3S4V1,543
N3S4V2,543
N3S4V3,543
N3S4V4,543
N3S4V5,543
N3S4V6,543
N3S4V7,543
N3S4V8,543
N3S4V9,543
N3S4W1,543
N3S4W2,543
N3S4W3,543
N3S4W4,543
N3S4W5,543
N3S4W6,543
N3S4W7,543
N3S4W8,543
N3S4W9,543
N3S4X1,543
N3S4X2,543
N3S4X3,543
N3S4X4,543
N3S4X5,543
N3S4X6,543
N3S4X7,543
N3S4X8,543
N3S4X9,543
N3S4Y1,543
N3S4Y2,543
N3S4Y3,543
N3S4Y4,543
N3S4Y5,543
N3S4Y6,543
N3S4Y7,543
N3S4Y8,543
N3S4Y9,543
N3S4Z1,543
N3S4Z2,543
N3S4Z3,543
N3S4Z4,543
N3S4Z5,543
N3S4Z6,543
N3S4Z7,543
N3S4Z8,543
N3S4Z9,543
N3S5A1,543
N3S5A2,543
N3S5A3,543
N3S5A4,543
N3S5A5,543
N3S5A6,543
N3S5A7,543
N3S5A8,543
N3S5A9,543
N3S5B1,543
N3S5B2,543
N3S5B3,543
N3S5B4,543
N3S5B5,543
N3S5B6,543
N3S5B7,543
N3S5B8,543
N3S5B9,543
N3S5C1,543
N3S5C2,543
N3S5C3,543
N3S5C4,543
N3S5C5,543
N3S5C6,543
N3S5C7,543
N3S5C8,543
N3S5C9,543
N3S5E3,543
N3S5E5,543
N3S5E6,543
N3S5E7,543
N3S5E8,543
N3S5E9,543
N3S5G1,543
N3S5G2,543
N3S5G3,543
N3S5G4,543
N3S5G5,543
N3S5G6,543
N3S5G7,543
N3S5G8,543
N3S5G9,543
N3S5H1,543
N3S5H2,543
N3S5H3,543
N3S5H4,543
N3S5H5,543
N3S5H6,543
N3S5H7,543
N3S5H8,543
N3S5H9,543
N3S5J1,543
N3S5J2,543
N3S5J3,543
N3S5J4,543
N3S5J5,543
N3S5J6,543
N3S5J7,543
N3S5J8,543
N3S5J9,543
N3S5K1,543
N3S5K2,543
N3S5K3,543
N3S5K4,543
N3S5K5,543
N3S5K6,543
N3S5K7,543
N3S5K8,543
N3S5K9,543
N3S5L1,543
N3S5L2,543
N3S5L3,543
N3S5L4,543
N3S5L5,543
N3S5L6,543
N3S5L7,543
N3S5L8,543
N3S5L9,543
N3S5M1,543
N3S5M2,543
N3S5M3,543
N3S5M4,543
N3S5M5,543
N3S5M6,543
N3S5M7,543
N3S5M8,543
N3S5M9,543
N3S5N1,543
N3S5N2,543
N3S5N3,543
N3S5N4,543
N3S5N5,543
N3S5N6,543
N3S5N7,543
N3S5N8,543
N3S5N9,543
N3S5P1,543
N3S5P2,543
N3S5P3,543
N3S5P4,543
N3S5P5,543
N3S5P6,543
N3S5P7,543
N3S5P8,543
N3S5P9,543
N3S5R1,543
N3S5R2,543
N3S5R3,543
N3S5R4,543
N3S5R5,543
N3S5R6,543
N3S5R7,543
N3S5R8,543
N3S5R9,543
N3S5S1,543
N3S5S2,543
N3S5S3,543
N3S5S4,543
N3S5S5,543
N3S5S6,543
N3S5S7,543
N3S5S8,543
N3S5S9,543
N3S5T1,543
N3S5T4,543
N3S5T5,543
N3S5T6,543
N3S5T7,543
N3S5T8,543
N3S5T9,543
N3S5V1,543
N3S5V2,543
N3S5V3,543
N3S5V4,543
N3S5V5,543
N3S5V6,543
N3S5V7,543
N3S5V8,543
N3S5W1,543
N3S5W2,543
N3S5W3,543
N3S5W4,543
N3S5W5,543
N3S5W6,543
N3S5W7,543
N3S5W8,543
N3S5W9,543
N3S5X1,543
N3S5X2,543
N3S5X3,543
N3S5X4,543
N3S5X5,543
N3S5X6,543
N3S5X7,543
N3S5X8,543
N3S5X9,543
N3S5Y1,543
N3S5Y2,543
N3S5Y3,543
N3S5Y4,543
N3S5Y5,543
N3S5Y6,543
N3S5Y7,543
N3S5Y8,543
N3S5Y9,543
N3S5Z1,543
N3S5Z2,543
N3S5Z3,543
N3S5Z4,543
N3S5Z5,543
N3S5Z6,543
N3S5Z7,543
N3S5Z8,543
N3S5Z9,543
N3S6A1,543
N3S6A2,543
N3S6A3,543
N3S6A4,543
N3S6A5,543
N3S6A6,543
N3S6A7,543
N3S6A8,543
N3S6A9,543
N3S6B1,543
N3S6B2,543
N3S6B3,543
N3S6B5,543
N3S6B6,543
N3S6B7,543
N3S6B8,543
N3S6B9,543
N3S6C1,543
N3S6C2,543
N3S6C3,543
N3S6C4,543
N3S6C5,543
N3S6C6,543
N3S6C7,543
N3S6C8,543
N3S6C9,543
N3S6E1,543
N3S6E2,543
N3S6E4,543
N3S6E5,543
N3S6E6,543
N3S6E7,543
N3S6E8,543
N3S6E9,543
N3S6G1,543
N3S6G2,543
N3S6G3,543
N3S6G4,543
N3S6G5,543
N3S6G6,543
N3S6G7,543
N3S6G8,543
N3S6G9,543
N3S6H1,543
N3S6H2,543
N3S6H3,543
N3S6H4,543
N3S6H5,543
N3S6H6,543
N3S6H7,543
N3S6H8,543
N3S6H9,543
N3S6J1,543
N3S6J2,543
N3S6J3,543
N3S6J4,543
N3S6J5,543
N3S6J6,543
N3S6J7,543
N3S6J8,543
N3S6J9,543
N3S6K1,543
N3S6K2,543
N3S6K3,543
N3S6K4,543
N3S6K5,543
N3S6K6,543
N3S6K7,543
N3S6K8,543
N3S6K9,543
N3S6L1,543
N3S6L2,543
N3S6L3,543
N3S6L4,543
N3S6L5,543
N3S6L6,543
N3S6L7,543
N3S6L8,543
N3S6L9,543
N3S6M1,543
N3S6M3,543
N3S6M4,543
N3S6M5,543
N3S6M6,543
N3S6M7,543
N3S6M8,543
N3S6M9,543
N3S6N1,543
N3S6N2,543
N3S6N3,543
N3S6N4,543
N3S6N5,543
N3S6N6,543
N3S6N8,543
N3S6N9,543
N3S6P1,543
N3S6P2,543
N3S6P3,543
N3S6P4,543
N3S6P5,543
N3S6P6,543
N3S6P7,543
N3S6P8,543
N3S6P9,543
N3S6R1,543
N3S6R2,543
N3S6R3,543
N3S6R4,543
N3S6R5,543
N3S6R6,543
N3S6R7,543
N3S6R8,543
N3S6R9,543
N3S6S1,543
N3S6S2,543
N3S6S3,543
N3S6S4,543
N3S6S5,543
N3S6S6,543
N3S6S7,543
N3S6S8,543
N3S6S9,543
N3S6T2,543
N3S6T3,543
N3S6T4,543
N3S6T6,543
N3S6T7,543
N3S6T8,543
N3S6T9,543
N3S6V1,543
N3S6V2,543
N3S6V3,543
N3S6V4,543
N3S6V5,543
N3S6V6,543
N3S6V7,543
N3S6V8,543
N3S6V9,543
N3S6W1,543
N3S6W2,543
N3S6W3,543
N3S6W4,543
N3S6W5,543
N3S6W6,543
N3S6W7,543
N3S6W8,543
N3S6W9,543
N3S6X1,543
N3S6X2,543
N3S6X3,543
N3S6X4,543
N3S6X5,543
N3S6X6,543
N3S6X7,543
N3S6X8,543
N3S6X9,543
N3S6Y1,543
N3S6Y2,543
N3S6Y3,543
N3S6Y4,543
N3S6Y5,543
N3S6Y6,543
N3S6Y7,543
N3S6Y8,543
N3S6Y9,543
N3S6Z1,543
N3S6Z2,543
N3S6Z3,543
N3S6Z4,543
N3S6Z5,543
N3S6Z6,543
N3S6Z7,543
N3S6Z8,543
N3S6Z9,543
N3S7A1,543
N3S7A2,543
N3S7A3,543
N3S7A4,543
N3S7A6,543
N3S7A7,543
N3S7A8,543
N3S7A9,543
N3S7B1,543
N3S7B2,543
N3S7B4,543
N3S7B5,543
N3S7B6,543
N3S7B7,543
N3S7B8,543
N3S7B9,543
N3S7C1,543
N3S7C2,543
N3S7C3,543
N3S7C4,543
N3S7C5,543
N3S7C6,543
N3S7C7,543
N3S7C8,543
N3S7C9,543
N3S7E1,543
N3S7E2,543
N3S7E3,543
N3S7E4,543
N3S7E5,543
N3S7E6,543
N3S7E8,543
N3S7G1,543
N3S7G2,543
N3S7G3,543
N3S7G4,543
N3S7G5,543
N3S7G7,543
N3S7G8,543
N3S7G9,543
N3S7H1,543
N3S7H2,543
N3S7H3,543
N3S7H4,543
N3S7H5,543
N3S7H6,543
N3S7H7,543
N3S7H8,543
N3S7H9,543
N3S7J1,543
N3S7J2,543
N3S7J3,543
N3S7J4,543
N3S7J5,543
N3S7J6,543
N3S7J7,543
N3S7J8,543
N3S7J9,543
N3S7K1,543
N3S7K2,543
N3S7K3,543
N3S7K4,543
N3S7K5,543
N3S7K6,543
N3S7K7,543
N3S7K8,543
N3S7K9,543
N3S7L1,543
N3S7L4,543
N3S7L5,543
N3S7L6,543
N3S7L7,543
N3S7L8,543
N3S7L9,543
N3S7M1,543
N3S7M2,543
N3S7M3,543
N3S7M4,543
N3S7M5,543
N3S7M6,543
N3S7M7,543
N3S7M9,543
N3S7N1,543
N3S7N2,543
N3S7N3,543
N3S7N4,543
N3S7N5,543
N3S7N6,543
N3S7N7,543
N3S7N8,543
N3S7N9,543
N3S7P1,543
N3S7P2,543
N3S7P4,543
N3S7P5,543
N3S7P6,543
N3S7P7,543
N3S7P8,543
N3S7P9,543
N3S7R1,543
N3S7R2,543
N3S7R3,543
N3S7R4,543
N3S7R5,543
N3S7R6,543
N3S7R7,543
N3S7R8,543
N3S7R9,543
N3S7S1,543
N3S7S2,543
N3S7S3,543
N3S7S4,543
N3S7S5,543
N3S7S6,543
N3S7S7,543
N3S7S8,543
N3S7S9,543
N3S7T1,543
N3S7T2,543
N3S7T3,543
N3S7T4,543
N3S7T5,543
N3S7T6,543
N3S7T7,543
N3S7T8,543
N3S7T9,543
N3S7V1,543
N3S7V2,543
N3S7V3,543
N3S7V4,543
N3S7V5,543
N3S7V6,543
N3S7V7,543
N3S7V8,543
N3S7V9,543
N3S7W1,543
N3S7W2,543
N3S7W3,543
N3S7W4,543
N3S7W5,543
N3S7W6,543
N3S7W7,543
N3S7W8,543
N3S7W9,543
N3S7X1,543
N3S7X2,543
N3S7X3,543
N3S7X4,543
N3S7X5,543
N3S7X6,543
N3S7X7,543
N3S7X8,543
N3S7Y1,543
N3S7Y2,543
N3S7Y3,543
N3S7Y4,543
N3T0A1,543
N3T0A2,543
N3T0A3,543
N3T0A4,543
N3T0A5,543
N3T0A6,543
N3T0A7,543
N3T0A8,543
N3T0A9,543
N3T0B1,543
N3T0B2,543
N3T0B3,543
N3T0B4,543
N3T0B5,543
N3T0B6,543
N3T0B7,543
N3T0B8,543
N3T0B9,543
N3T0C1,543
N3T0C2,543
N3T0C3,543
N3T0C4,543
N3T0C5,543
N3T0C6,543
N3T0C7,543
N3T0C8,543
N3T0C9,543
N3T0E1,543
N3T0E2,543
N3T0E3,543
N3T0E4,543
N3T0E5,543
N3T0E6,543
N3T0E7,543
N3T0E8,543
N3T0E9,543
N3T0G1,543
N3T0G2,543
N3T0G3,543
N3T0G4,543
N3T0G5,543
N3T0G6,543
N3T0G7,543
N3T0G8,543
N3T0G9,543
N3T0H1,543
N3T0H2,543
N3T0H3,543
N3T0H4,543
N3T0H5,543
N3T0H6,543
N3T0H7,543
N3T0H8,543
N3T0J1,543
N3T0J2,543
N3T0J3,543
N3T0J4,543
N3T0J5,543
N3T0J6,543
N3T0J7,543
N3T0J8,543
N3T0J9,543
N3T0K1,543
N3T0K2,543
N3T0K3,543
N3T0K4,543
N3T0K5,543
N3T0K7,543
N3T0K8,543
N3T0K9,543
N3T0L1,543
N3T0L2,543
N3T0L3,543
N3T0L4,543
N3T0L5,543
N3T0L6,543
N3T0L7,543
N3T0L8,543
N3T0L9,543
N3T0M1,543
N3T0M2,543
N3T0M3,543
N3T0M4,543
N3T0M5,543
N3T0M6,543
N3T0M7,543
N3T0M8,543
N3T0M9,543
N3T0N1,543
N3T0N2,543
N3T0N3,543
N3T0N4,543
N3T0N5,543
N3T0N6,543
N3T0N7,543
N3T0N8,543
N3T0P1,543
N3T0P3,543
N3T0P5,543
N3T0P6,543
N3T0P7,543
N3T0P8,543
N3T0P9,543
N3T0R3,543
N3T0R6,543
N3T0R7,543
N3T0R8,543
N3T0R9,543
N3T1A1,543
N3T1A2,543
N3T1A3,543
N3T1A4,543
N3T1A5,543
N3T1A6,543
N3T1A7,543
N3T1A8,543
N3T1A9,543
N3T1B1,543
N3T1B2,543
N3T1B3,543
N3T1B4,543
N3T1B5,543
N3T1B6,543
N3T1B7,543
N3T1B8,543
N3T1B9,543
N3T1C1,543
N3T1C2,543
N3T1C3,543
N3T1C4,543
N3T1C5,543
N3T1C6,543
N3T1C7,543
N3T1C8,543
N3T1E1,543
N3T1E2,543
N3T1E3,543
N3T1E4,543
N3T1E5,543
N3T1E6,543
N3T1E7,543
N3T1E8,543
N3T1E9,543
N3T1G1,543
N3T1G2,543
N3T1G3,543
N3T1G4,543
N3T1G5,543
N3T1G6,543
N3T1G7,543
N3T1G8,543
N3T1G9,543
N3T1H1,543
N3T1H2,543
N3T1H3,543
N3T1H4,543
N3T1H5,543
N3T1H6,543
N3T1H7,543
N3T1H8,543
N3T1H9,543
N3T1J1,543
N3T1J2,543
N3T1J3,543
N3T1J4,543
N3T1J5,543
N3T1J6,543
N3T1J7,543
N3T1J8,543
N3T1J9,543
N3T1K1,543
N3T1K2,543
N3T1K3,543
N3T1K4,543
N3T1K5,543
N3T1K6,543
N3T1K7,543
N3T1K8,543
N3T1K9,543
N3T1L1,543
N3T1L2,543
N3T1L3,543
N3T1L4,543
N3T1L5,543
N3T1L6,543
N3T1L7,543
N3T1L8,543
N3T1L9,543
N3T1M1,543
N3T1M2,543
N3T1M4,543
N3T1M5,543
N3T1M6,543
N3T1M8,543
N3T1M9,543
N3T1N1,543
N3T1N2,543
N3T1N3,543
N3T1N4,543
N3T1N5,543
N3T1N6,543
N3T1N7,543
N3T1N8,543
N3T1N9,543
N3T1P1,543
N3T1P2,543
N3T1P3,543
N3T1P4,543
N3T1P5,543
N3T1P6,543
N3T1P7,543
N3T1P8,543
N3T1P9,543
N3T1R1,543
N3T1R2,543
N3T1R3,543
N3T1R4,543
N3T1R5,543
N3T1R6,543
N3T1R7,543
N3T1R8,543
N3T1R9,543
N3T1S1,543
N3T1S2,543
N3T1S3,543
N3T1S4,543
N3T1S5,543
N3T1S6,543
N3T1S7,543
N3T1S8,543
N3T1S9,543
N3T1T1,543
N3T1T2,543
N3T1T3,543
N3T1T4,543
N3T1T5,543
N3T1T6,543
N3T1T7,543
N3T1T8,543
N3T1T9,543
N3T1V1,543
N3T1V2,543
N3T1V3,543
N3T1V4,543
N3T1V5,543
N3T1V6,543
N3T1V7,543
N3T1V8,543
N3T1V9,543
N3T1W1,543
N3T1W2,543
N3T1W3,543
N3T1W4,543
N3T1W5,543
N3T1W6,543
N3T1W8,543
N3T1W9,543
N3T1X1,543
N3T1X2,543
N3T1X3,543
N3T1X4,543
N3T1X5,543
N3T1X6,543
N3T1X7,543
N3T1X8,543
N3T1X9,543
N3T1Y1,543
N3T1Y2,543
N3T1Y4,543
N3T1Y5,543
N3T1Y6,543
N3T1Y7,543
N3T1Y8,543
N3T1Y9,543
N3T1Z1,543
N3T1Z2,543
N3T1Z3,543
N3T1Z4,543
N3T1Z5,543
N3T1Z7,543
N3T1Z8,543
N3T1Z9,543
N3T2A1,543
N3T2A2,543
N3T2A3,543
N3T2A4,543
N3T2A5,543
N3T2A6,543
N3T2A7,543
N3T2A8,543
N3T2A9,543
N3T2B1,543
N3T2B2,543
N3T2B3,543
N3T2B4,543
N3T2B5,543
N3T2B6,543
N3T2B7,543
N3T2B8,543
N3T2B9,543
N3T2C1,543
N3T2C2,543
N3T2C3,543
N3T2C4,543
N3T2C5,543
N3T2C6,543
N3T2C7,543
N3T2C8,543
N3T2C9,543
N3T2E1,543
N3T2E2,543
N3T2E3,543
N3T2E4,543
N3T2E5,543
N3T2E6,543
N3T2E7,543
N3T2G2,543
N3T2G5,543
N3T2G6,543
N3T2G8,543
N3T2H1,543
N3T2H2,543
N3T2H3,543
N3T2H4,543
N3T2H5,543
N3T2H6,543
N3T2H7,543
N3T2H8,543
N3T2H9,543
N3T2J1,543
N3T2J2,543
N3T2J3,543
N3T2J4,543
N3T2J5,543
N3T2J6,543
N3T2J7,543
N3T2J8,543
N3T2J9,543
N3T2K1,543
N3T2K2,543
N3T2K3,543
N3T2K6,543
N3T2K7,543
N3T2K8,543
N3T2L1,543
N3T2L2,543
N3T2L3,543
N3T2L4,543
N3T2L5,543
N3T2L6,543
N3T2L7,543
N3T2L8,543
N3T2L9,543
N3T2M1,543
N3T2M2,543
N3T2M4,543
N3T2M5,543
N3T2M6,543
N3T2M7,543
N3T2M8,543
N3T2M9,543
N3T2N1,543
N3T2N2,543
N3T2N4,543
N3T2N5,543
N3T2N6,543
N3T2N7,543
N3T2N8,543
N3T2N9,543
N3T2P1,543
N3T2P2,543
N3T2P3,543
N3T2P4,543
N3T2P5,543
N3T2P6,543
N3T2P7,543
N3T2P8,543
N3T2P9,543
N3T2R1,543
N3T2R3,543
N3T2R4,543
N3T2R5,543
N3T2R6,543
N3T2R7,543
N3T2R8,543
N3T2R9,543
N3T2S1,543
N3T2S2,543
N3T2S3,543
N3T2S4,543
N3T2S5,543
N3T2S6,543
N3T2S7,543
N3T2S8,543
N3T2S9,543
N3T2T1,543
N3T2T2,543
N3T2T3,543
N3T2T4,543
N3T2T5,543
N3T2T6,543
N3T2T7,543
N3T2T9,543
N3T2V1,543
N3T2V2,543
N3T2V3,543
N3T2V4,543
N3T2V5,543
N3T2V6,543
N3T2V7,543
N3T2V8,543
N3T2W2,543
N3T2W3,543
N3T2W4,543
N3T2W5,543
N3T2W6,543
N3T2W7,543
N3T2W8,543
N3T2X1,543
N3T2X2,543
N3T2X3,543
N3T2X4,543
N3T2X5,543
N3T2X6,543
N3T2X7,543
N3T2X8,543
N3T2Y1,543
N3T2Y2,543
N3T2Y3,543
N3T2Y4,543
N3T2Y5,543
N3T2Y6,543
N3T2Y7,543
N3T2Y8,543
N3T2Z1,543
N3T2Z2,543
N3T2Z3,543
N3T2Z4,543
N3T2Z5,543
N3T2Z6,543
N3T2Z7,543
N3T2Z8,543
N3T2Z9,543
N3T3A1,543
N3T3A3,543
N3T3A4,543
N3T3A5,543
N3T3A6,543
N3T3A7,543
N3T3A8,543
N3T3A9,543
N3T3B1,543
N3T3B2,543
N3T3B4,543
N3T3B6,543
N3T3B7,543
N3T3B8,543
N3T3B9,543
N3T3C1,543
N3T3C2,543
N3T3C3,543
N3T3C4,543
N3T3C5,543
N3T3C6,543
N3T3C7,543
N3T3C8,543
N3T3C9,543
N3T3E3,543
N3T3E4,543
N3T3E5,543
N3T3E6,543
N3T3E7,543
N3T3E8,543
N3T3E9,543
N3T3G1,543
N3T3G2,543
N3T3G3,543
N3T3G4,543
N3T3G5,543
N3T3G6,543
N3T3G7,543
N3T3G8,543
N3T3G9,543
N3T3H1,543
N3T3H2,543
N3T3H3,543
N3T3H4,543
N3T3H5,543
N3T3H6,543
N3T3H7,543
N3T3H8,543
N3T3H9,543
N3T3J1,543
N3T3J2,543
N3T3J3,543
N3T3J4,543
N3T3J5,543
N3T3J6,543
N3T3J7,543
N3T3J8,543
N3T3J9,543
N3T3K1,543
N3T3K2,543
N3T3K3,543
N3T3K4,543
N3T3K5,543
N3T3K6,543
N3T3K7,543
N3T3K8,543
N3T3K9,543
N3T3L1,543
N3T3L2,543
N3T3L3,543
N3T3L4,543
N3T3L5,543
N3T3L6,543
N3T3L7,543
N3T3L8,543
N3T3L9,543
N3T3M1,543
N3T3M2,543
N3T3M3,543
N3T3M4,543
N3T3M5,543
N3T3M6,543
N3T3M7,543
N3T3M8,543
N3T3M9,543
N3T3N1,543
N3T3N2,543
N3T3N3,543
N3T3N4,543
N3T3N5,543
N3T3N6,543
N3T3N7,543
N3T3N8,543
N3T3N9,543
N3T3P1,543
N3T3P2,543
N3T3P3,543
N3T3P4,543
N3T3P5,543
N3T3P6,543
N3T3P7,543
N3T3P8,543
N3T3P9,543
N3T3R1,543
N3T3R2,543
N3T3R3,543
N3T3R4,543
N3T3R5,543
N3T3R6,543
N3T3R7,543
N3T3R8,543
N3T3R9,543
N3T3S1,543
N3T3S2,543
N3T3S3,543
N3T3S4,543
N3T3S5,543
N3T3S6,543
N3T3S7,543
N3T3S8,543
N3T3S9,543
N3T3T1,543
N3T3T2,543
N3T3T3,543
N3T3T4,543
N3T3T5,543
N3T3T6,543
N3T3T7,543
N3T3T8,543
N3T3T9,543
N3T3V1,543
N3T3V2,543
N3T3V3,543
N3T3V4,543
N3T3V5,543
N3T3V6,543
N3T3V7,543
N3T3V8,543
N3T3V9,543
N3T3W1,543
N3T3W2,543
N3T3W3,543
N3T3W4,543
N3T3W5,543
N3T3W6,543
N3T3W7,543
N3T3W8,543
N3T3W9,543
N3T3X1,543
N3T3X2,543
N3T3X3,543
N3T3X4,543
N3T3X5,543
N3T3X6,543
N3T3X7,543
N3T3X8,543
N3T3X9,543
N3T3Y1,543
N3T3Y2,543
N3T3Y3,543
N3T3Y4,543
N3T3Y5,543
N3T3Y6,543
N3T3Y7,543
N3T3Y8,543
N3T3Y9,543
N3T3Z1,543
N3T3Z2,543
N3T3Z3,543
N3T3Z4,543
N3T3Z5,543
N3T3Z6,543
N3T3Z7,543
N3T3Z8,543
N3T3Z9,543
N3T4A1,543
N3T4A2,543
N3T4A3,543
N3T4A4,543
N3T4A5,543
N3T4A6,543
N3T4A7,543
N3T4A8,543
N3T4A9,543
N3T4B1,543
N3T4B2,543
N3T4B3,543
N3T4B4,543
N3T4B5,543
N3T4B6,543
N3T4B7,543
N3T4B8,543
N3T4B9,543
N3T4C1,543
N3T4C2,543
N3T4C3,543
N3T4C4,543
N3T4C5,543
N3T4C6,543
N3T4C7,543
N3T4C8,543
N3T4C9,543
N3T4E1,543
N3T4E4,543
N3T4E5,543
N3T4E6,543
N3T4E7,543
N3T4E8,543
N3T4E9,543
N3T4G1,543
N3T4G2,543
N3T4G3,543
N3T4G4,543
N3T4G5,543
N3T4G6,543
N3T4G7,543
N3T4G8,543
N3T4G9,543
N3T4H1,543
N3T4H2,543
N3T4H3,543
N3T4H4,543
N3T4H5,543
N3T4H6,543
N3T4H7,543
N3T4H8,543
N3T4H9,543
N3T4J1,543
N3T4J2,543
N3T4J3,543
N3T4J4,543
N3T4J5,543
N3T4J6,543
N3T4J7,543
N3T4J8,543
N3T4J9,543
N3T4K1,543
N3T4K2,543
N3T4K3,543
N3T4K4,543
N3T4K5,543
N3T4K6,543
N3T4K7,543
N3T4K8,543
N3T4K9,543
N3T4L1,543
N3T4L2,543
N3T4L3,543
N3T4L4,543
N3T4L5,543
N3T4L6,543
N3T4L7,543
N3T4L8,543
N3T4L9,543
N3T4M1,543
N3T4M2,543
N3T4M3,543
N3T4M4,543
N3T4M5,543
N3T4M6,543
N3T4M7,543
N3T4M8,543
N3T4M9,543
N3T4N1,543
N3T4N2,543
N3T4N3,543
N3T4N4,543
N3T4N5,543
N3T4N6,543
N3T4N7,543
N3T4N8,543
N3T4N9,543
N3T4P1,543
N3T4P2,543
N3T4P3,543
N3T4P4,543
N3T4P5,543
N3T4P6,543
N3T4P7,543
N3T4P8,543
N3T4P9,543
N3T4R1,543
N3T4R2,543
N3T4R3,543
N3T4R4,543
N3T4R5,543
N3T4R6,543
N3T4R7,543
N3T4R8,543
N3T4R9,543
N3T4S1,543
N3T4S2,543
N3T4S3,543
N3T4S4,543
N3T4S5,543
N3T4S6,543
N3T4S7,543
N3T4S8,543
N3T4S9,543
N3T4T1,543
N3T4T2,543
N3T4T3,543
N3T4T4,543
N3T4T5,543
N3T4T6,543
N3T4T7,543
N3T4T8,543
N3T4T9,543
N3T4V1,543
N3T4V2,543
N3T4V3,543
N3T4V4,543
N3T4V5,543
N3T4V6,543
N3T4V7,543
N3T4V8,543
N3T4V9,543
N3T4W1,543
N3T4W2,543
N3T4W3,543
N3T4W4,543
N3T4W5,543
N3T4W6,543
N3T4W7,543
N3T4W8,543
N3T4W9,543
N3T4X1,543
N3T4X2,543
N3T4X4,543
N3T4X5,543
N3T4X6,543
N3T4X7,543
N3T4X8,543
N3T4X9,543
N3T4Y1,543
N3T4Y3,543
N3T4Y4,543
N3T4Y5,543
N3T4Y6,543
N3T4Y7,543
N3T4Y8,543
N3T4Y9,543
N3T4Z1,543
N3T4Z2,543
N3T4Z3,543
N3T4Z4,543
N3T4Z5,543
N3T4Z6,543
N3T4Z7,543
N3T4Z8,543
N3T4Z9,543
N3T5A1,543
N3T5A2,543
N3T5A3,543
N3T5A4,543
N3T5A5,543
N3T5A6,543
N3T5A7,543
N3T5A8,543
N3T5A9,543
N3T5B1,543
N3T5B2,543
N3T5B3,543
N3T5B4,543
N3T5B5,543
N3T5B6,543
N3T5B7,543
N3T5B8,543
N3T5B9,543
N3T5C1,543
N3T5C2,543
N3T5C3,543
N3T5C4,543
N3T5C5,543
N3T5C6,543
N3T5C7,543
N3T5C8,543
N3T5C9,543
N3T5E1,543
N3T5E2,543
N3T5E3,543
N3T5E4,543
N3T5E5,543
N3T5E6,543
N3T5E7,543
N3T5E8,543
N3T5E9,543
N3T5G1,543
N3T5G2,543
N3T5G3,543
N3T5G4,543
N3T5G5,543
N3T5G6,543
N3T5G7,543
N3T5G8,543
N3T5G9,543
N3T5H1,543
N3T5H2,543
N3T5H3,543
N3T5H4,543
N3T5H5,543
N3T5H6,543
N3T5H7,543
N3T5H8,543
N3T5H9,543
N3T5J1,543
N3T5J2,543
N3T5J3,543
N3T5J4,543
N3T5J5,543
N3T5J6,543
N3T5J7,543
N3T5J8,543
N3T5J9,543
N3T5K1,543
N3T5K2,543
N3T5K3,543
N3T5K4,543
N3T5K5,543
N3T5K6,543
N3T5K7,543
N3T5K8,543
N3T5K9,543
N3T5L3,543
N3T5L4,543
N3T5L5,543
N3T5L6,543
N3T5L7,543
N3T5L8,543
N3T5L9,543
N3T5M1,543
N3T5M2,543
N3T5M3,543
N3T5M4,543
N3T5M5,543
N3T5M8,543
N3T5N3,543
N3T5N8,543
N3T5N9,543
N3T5P3,543
N3T5P9,543
N3T5R1,543
N3T5R4,543
N3T5R7,543
N3T5S1,543
N3T5S5,543
N3T5S7,543
N3T5S8,543
N3T5T3,543
N3T5T5,543
N3T5T6,543
N3T5T7,543
N3T5V2,543
N3T5V3,543
N3T5V6,543
N3T5V7,543
N3T5V8,543
N3T5V9,543
N3T5W3,543
N3T5W4,543
N3T5W5,543
N3T5W6,543
N3T5W7,543
N3T5W9,543
N3T5X1,543
N3T5X3,543
N3T5X4,543
N3T5X5,543
N3T5X6,543
N3T5X7,543
N3T5X8,543
N3T5X9,543
N3T5Y1,543
N3T5Y4,543
N3T5Y6,543
N3T5Y8,543
N3T5Y9,543
N3T5Z1,543
N3T5Z2,543
N3T5Z3,543
N3T5Z4,543
N3T5Z5,543
N3T5Z6,543
N3T5Z7,543
N3T5Z8,543
N3T5Z9,543
N3T6A1,543
N3T6A2,543
N3T6A3,543
N3T6A4,543
N3T6A5,543
N3T6A6,543
N3T6A7,543
N3T6A8,543
N3T6A9,543
N3T6B2,543
N3T6B3,543
N3T6B4,543
N3T6B5,543
N3T6B6,543
N3T6B7,543
N3T6B8,543
N3T6B9,543
N3T6C1,543
N3T6C2,543
N3T6C3,543
N3T6C4,543
N3T6C6,543
N3T6C8,543
N3T6C9,543
N3T6E2,543
N3T6E3,543
N3T6E4,543
N3T6E5,543
N3T6E6,543
N3T6E7,543
N3T6E8,543
N3T6E9,543
N3T6G1,543
N3T6G2,543
N3T6G3,543
N3T6G4,543
N3T6G5,543
N3T6G6,543
N3T6G7,543
N3T6G8,543
N3T6G9,543
N3T6H1,543
N3T6H2,543
N3T6H3,543
N3T6H4,543
N3T6H5,543
N3T6H7,543
N3T6H8,543
N3T6H9,543
N3T6J1,543
N3T6J2,543
N3T6J3,543
N3T6J4,543
N3T6J5,543
N3T6J7,543
N3T6J8,543
N3T6J9,543
N3T6K1,543
N3T6K2,543
N3T6K4,543
N3T6K5,543
N3T6K8,543
N3T6K9,543
N3T6L1,543
N3T6L2,543
N3T6L3,543
N3T6L4,543
N3T6L5,543
N3T6L6,543
N3T6L7,543
N3T6L8,543
N3T6L9,543
N3T6M1,543
N3T6M2,543
N3T6M3,543
N3T6M4,543
N3T6M5,543
N3T6M6,543
N3T6M7,543
N3T6M8,543
N3T6M9,543
N3T6N1,543
N3T6N2,543
N3T6N3,543
N3T6N4,543
N3T6N5,543
N3T6N6,543
N3T6N7,543
N3T6N8,543
N3T6N9,543
N3T6P1,543
N3T6P2,543
N3T6P3,543
N3T6P4,543
N3T6P5,543
N3T6P6,543
N3T6P7,543
N3T6P8,543
N3T6P9,543
N3T6R1,543
N3T6R2,543
N3T6R3,543
N3T6R4,543
N3T6R5,543
N3T6R6,543
N3T6R7,543
N3T6R8,543
N3T6R9,543
N3T6S1,543
N3T6S2,543
N3T6S3,543
N3T6S4,543
N3T6S5,543
N3T6S6,543
N3T6S7,543
N3T6S8,543
N3T6S9,543
N3T6T1,543
N3V0A1,543
N3V0A2,543
N3V0A3,543
N3V0A4,543
N3V1A2,543
N3V1A3,543
N3V1A4,543
N3V1A5,543
N3V1A6,543
N3V1A7,543
N3V1A8,543
N3V1A9,543
N3V1B1,543
N3V1B2,543
N3V1B3,543
N3V1B4,543
N3V1B6,543
N3V1B7,543
N3V1B8,543
N3V1B9,543
N3V1C1,543
N3V1C2,543
N3V1C3,543
N3V1C4,543
N3V1C5,543
N3V1C6,543
N3V1C7,543
N3V1C8,543
N3V1C9,543
N3V1E1,543
N3V1E2,543
N3V1E3,543
N3V1E4,543
N3V1E5,543
N3V1E6,543
N3V1E7,543
N3V1E8,543
N3V1E9,543
N3V1G1,543
N3V1G2,543
N3V1G3,543
N3V6T1,543
N3W1V9,543
N3W1W1,543
N3W1W2,543
N3W1W3,543
N3W1W4,543
N3W1W5,543
N3W2G9,543
K9H0G1,529
K9H0G2,529
K9H0H6,529
K9J8R1,529
K9L0G4,529
N3L0E2,543
